user_id,rule_id,action
44991,rule_3,1
9426,rule_1,1
68712,rule_2,0
26426,rule_4,0
11295,rule_3,1
16305,rule_1,1
35234,rule_3,1
54546,rule_2,0
14275,rule_3,1
7849,rule_3,1
48381,rule_3,1
25026,rule_1,1
97517,rule_3,1
68048,rule_3,1
15249,rule_1,1
97936,rule_3,1
70028,rule_1,1
67854,rule_1,1
7087,rule_2,0
84106,rule_2,0
10083,rule_2,0
66692,rule_2,0
2487,rule_2,0
82250,rule_2,0
91295,rule_3,1
59073,rule_3,1
22949,rule_3,1
55674,rule_1,1
19382,rule_3,1
19552,rule_3,1
13542,rule_2,0
93148,rule_3,1
69929,rule_1,1
93151,rule_3,1
55990,rule_3,1
18848,rule_2,0
90721,rule_3,1
84767,rule_3,1
74409,rule_3,1
89507,rule_3,1
8860,rule_1,1
32329,rule_1,1
34960,rule_3,1
9922,rule_4,0
45785,rule_2,0
72205,rule_3,1
78895,rule_1,1
83991,rule_3,1
40932,rule_1,1
49833,rule_3,1
23978,rule_2,0
63002,rule_1,1
88223,rule_3,1
12819,rule_3,1
38678,rule_2,0
90203,rule_2,0
31386,rule_3,1
38016,rule_3,1
91198,rule_3,1
40089,rule_2,0
56734,rule_3,1
20432,rule_2,0
88541,rule_2,0
46911,rule_4,0
34630,rule_1,1
95299,rule_3,1
18707,rule_2,0
10096,rule_4,0
13935,rule_2,0
55898,rule_3,1
27332,rule_3,1
81742,rule_1,1
32070,rule_2,0
51645,rule_3,1
7613,rule_3,1
88823,rule_3,1
77471,rule_2,0
87155,rule_1,1
85193,rule_3,1
75678,rule_3,1
87194,rule_3,1
96329,rule_3,1
2890,rule_3,1
93358,rule_3,1
54098,rule_3,1
66325,rule_3,1
10132,rule_3,1
19732,rule_3,1
93346,rule_2,0
25739,rule_2,0
90588,rule_1,1
54438,rule_3,1
19570,rule_3,1
46405,rule_2,0
36170,rule_3,1
14856,rule_3,1
56236,rule_3,1
88117,rule_3,1
89615,rule_3,1
87949,rule_2,0
36146,rule_3,1
33352,rule_3,1
9973,rule_3,1
30721,rule_3,1
28364,rule_3,1
60304,rule_3,1
25706,rule_3,1
32450,rule_3,1
82270,rule_2,0
35970,rule_3,1
91384,rule_3,1
85270,rule_3,1
47966,rule_3,1
802,rule_2,0
52684,rule_3,1
72919,rule_2,0
41942,rule_3,1
30985,rule_3,1
77187,rule_3,1
25369,rule_3,1
82810,rule_3,1
37942,rule_2,0
39268,rule_3,1
92584,rule_3,1
93218,rule_3,1
17353,rule_2,0
45616,rule_2,0
52244,rule_3,1
18321,rule_2,0
32223,rule_2,0
40478,rule_3,1
6854,rule_3,1
35525,rule_3,1
6459,rule_2,0
80392,rule_3,1
78346,rule_2,0
13807,rule_3,1
83537,rule_3,1
39711,rule_2,0
98913,rule_1,1
95038,rule_3,1
36491,rule_2,0
8078,rule_1,1
2957,rule_3,1
81553,rule_3,1
38384,rule_3,1
10975,rule_3,1
45648,rule_3,1
13445,rule_3,1
79361,rule_1,1
61773,rule_3,1
46145,rule_4,0
75604,rule_3,1
28342,rule_3,1
42250,rule_3,1
62183,rule_2,0
35170,rule_3,1
57889,rule_1,1
12398,rule_1,1
39292,rule_3,1
81239,rule_1,1
90903,rule_2,0
76676,rule_3,1
26383,rule_1,1
97789,rule_3,1
61717,rule_3,1
23297,rule_3,1
18386,rule_3,1
34471,rule_3,1
38410,rule_2,0
94874,rule_2,0
33893,rule_3,1
37290,rule_3,1
66355,rule_2,0
45772,rule_1,1
63172,rule_3,1
73301,rule_3,1
73264,rule_3,1
42532,rule_2,0
34458,rule_3,1
75272,rule_1,1
46927,rule_3,1
60149,rule_2,0
87460,rule_2,0
18596,rule_1,1
86030,rule_3,1
92816,rule_2,0
80866,rule_2,0
73509,rule_1,1
4678,rule_3,1
84668,rule_3,1
87859,rule_2,0
53473,rule_4,0
93325,rule_3,1
51260,rule_3,1
94626,rule_3,1
25762,rule_1,1
81783,rule_3,1
28550,rule_4,0
44649,rule_2,0
52187,rule_2,0
4332,rule_1,1
70200,rule_2,0
5191,rule_2,0
27863,rule_3,1
72233,rule_3,1
35136,rule_1,1
76694,rule_3,1
75258,rule_1,1
79465,rule_2,0
71493,rule_3,1
16143,rule_1,1
34415,rule_2,0
37564,rule_3,1
84361,rule_3,1
12885,rule_2,0
15402,rule_3,1
31114,rule_3,1
47079,rule_2,0
56867,rule_3,1
18977,rule_3,1
6850,rule_4,0
57176,rule_4,0
60157,rule_4,0
66962,rule_3,1
77401,rule_3,1
94564,rule_3,1
42488,rule_2,0
43210,rule_3,1
59897,rule_3,1
1106,rule_1,1
72380,rule_3,1
32276,rule_3,1
49391,rule_4,0
45854,rule_3,1
28226,rule_2,0
8573,rule_3,1
41917,rule_3,1
64840,rule_4,0
76350,rule_1,1
3197,rule_2,0
26614,rule_3,1
97159,rule_2,0
487,rule_4,0
371,rule_3,1
86913,rule_3,1
18896,rule_3,1
71919,rule_3,1
97051,rule_2,0
15408,rule_2,0
64211,rule_3,1
8838,rule_3,1
30409,rule_2,0
19623,rule_2,0
16683,rule_3,1
82794,rule_2,0
60108,rule_1,1
49298,rule_2,0
30870,rule_3,1
34816,rule_3,1
24004,rule_2,0
16941,rule_2,0
95762,rule_2,0
13267,rule_3,1
38453,rule_3,1
61780,rule_1,1
88649,rule_3,1
3633,rule_1,1
16494,rule_1,1
15894,rule_1,1
11657,rule_3,1
18523,rule_2,0
82228,rule_2,0
33735,rule_1,1
25319,rule_3,1
78200,rule_3,1
66206,rule_1,1
80721,rule_3,1
32874,rule_2,0
88698,rule_2,0
99056,rule_2,0
53633,rule_3,1
94287,rule_3,1
34208,rule_1,1
76576,rule_3,1
15776,rule_3,1
85854,rule_2,0
39466,rule_4,0
22959,rule_3,1
37580,rule_4,0
91581,rule_2,0
3259,rule_1,1
55284,rule_4,0
29991,rule_1,1
13878,rule_2,0
48826,rule_2,0
4945,rule_4,0
40101,rule_3,1
34333,rule_3,1
50987,rule_1,1
25763,rule_2,0
11761,rule_2,0
42734,rule_3,1
49574,rule_3,1
29378,rule_3,1
83152,rule_3,1
99207,rule_3,1
57655,rule_3,1
35772,rule_3,1
90136,rule_2,0
77515,rule_3,1
44485,rule_3,1
85284,rule_4,0
12056,rule_3,1
66401,rule_2,0
34078,rule_1,1
11346,rule_3,1
85396,rule_1,1
61528,rule_3,1
2197,rule_3,1
70103,rule_1,1
24125,rule_1,1
36738,rule_3,1
35283,rule_3,1
86785,rule_3,1
78114,rule_4,0
15755,rule_3,1
98263,rule_3,1
47014,rule_1,1
7834,rule_3,1
88148,rule_3,1
87912,rule_3,1
74328,rule_3,1
96808,rule_1,1
12882,rule_1,1
20370,rule_3,1
21391,rule_3,1
11250,rule_3,1
9778,rule_3,1
95981,rule_3,1
92543,rule_2,0
70794,rule_3,1
91686,rule_3,1
79469,rule_2,0
65295,rule_3,1
5323,rule_1,1
50232,rule_3,1
11587,rule_3,1
26371,rule_2,0
95677,rule_4,0
36070,rule_2,0
35202,rule_3,1
23228,rule_3,1
12042,rule_3,1
61417,rule_4,0
90772,rule_3,1
38175,rule_3,1
26752,rule_1,1
71320,rule_2,0
4410,rule_2,0
77225,rule_3,1
60562,rule_1,1
54413,rule_3,1
42783,rule_3,1
94327,rule_3,1
38180,rule_1,1
5575,rule_3,1
16935,rule_1,1
35826,rule_2,0
63756,rule_1,1
31499,rule_3,1
94443,rule_1,1
97188,rule_3,1
97984,rule_3,1
93173,rule_3,1
8494,rule_3,1
5436,rule_3,1
85185,rule_3,1
94372,rule_3,1
54214,rule_3,1
47280,rule_3,1
32472,rule_3,1
18483,rule_1,1
45000,rule_2,0
88922,rule_2,0
95388,rule_1,1
99396,rule_3,1
37910,rule_2,0
43398,rule_3,1
20801,rule_2,0
41709,rule_3,1
26873,rule_3,1
75931,rule_3,1
16407,rule_3,1
68471,rule_4,0
10795,rule_3,1
48076,rule_3,1
69848,rule_3,1
14692,rule_3,1
86908,rule_3,1
26987,rule_2,0
1354,rule_3,1
78026,rule_3,1
86754,rule_3,1
5753,rule_1,1
37067,rule_2,0
1876,rule_3,1
24407,rule_3,1
81977,rule_2,0
3413,rule_3,1
10417,rule_3,1
19240,rule_3,1
65937,rule_2,0
45533,rule_3,1
16044,rule_4,0
62620,rule_2,0
43020,rule_3,1
39374,rule_2,0
21183,rule_1,1
30256,rule_3,1
25571,rule_3,1
26206,rule_2,0
70383,rule_2,0
89923,rule_1,1
42368,rule_3,1
78201,rule_1,1
72091,rule_2,0
41549,rule_2,0
64801,rule_4,0
97103,rule_2,0
85194,rule_1,1
46716,rule_2,0
66134,rule_1,1
1103,rule_3,1
7234,rule_3,1
47457,rule_4,0
10515,rule_1,1
98103,rule_3,1
66056,rule_2,0
34524,rule_1,1
37277,rule_3,1
45688,rule_3,1
48878,rule_3,1
70800,rule_3,1
33838,rule_3,1
47953,rule_3,1
8420,rule_2,0
83000,rule_1,1
80142,rule_3,1
22996,rule_1,1
89767,rule_1,1
32695,rule_2,0
66202,rule_3,1
79333,rule_2,0
87701,rule_1,1
83798,rule_2,0
95686,rule_3,1
57858,rule_2,0
23705,rule_1,1
58877,rule_1,1
96966,rule_2,0
88721,rule_3,1
37685,rule_2,0
7066,rule_3,1
99189,rule_3,1
68516,rule_3,1
82525,rule_3,1
61294,rule_2,0
79287,rule_3,1
98208,rule_1,1
61915,rule_2,0
6862,rule_4,0
73705,rule_2,0
84434,rule_3,1
32451,rule_3,1
91511,rule_1,1
73665,rule_3,1
43877,rule_3,1
46413,rule_4,0
82012,rule_3,1
48138,rule_1,1
85766,rule_2,0
27251,rule_3,1
41153,rule_2,0
52961,rule_2,0
65481,rule_2,0
59847,rule_3,1
39710,rule_3,1
58972,rule_3,1
53413,rule_2,0
20081,rule_3,1
17734,rule_3,1
38675,rule_3,1
49511,rule_1,1
15211,rule_1,1
81259,rule_3,1
93824,rule_3,1
69587,rule_1,1
13895,rule_1,1
40474,rule_3,1
16957,rule_2,0
64472,rule_2,0
85502,rule_2,0
6373,rule_2,0
7245,rule_2,0
44646,rule_3,1
5063,rule_3,1
36371,rule_3,1
87676,rule_3,1
27564,rule_2,0
15765,rule_2,0
23333,rule_3,1
40525,rule_1,1
42407,rule_3,1
91107,rule_2,0
25597,rule_1,1
81949,rule_3,1
26443,rule_1,1
75623,rule_2,0
26146,rule_1,1
19769,rule_3,1
76303,rule_2,0
25959,rule_3,1
87938,rule_2,0
56863,rule_3,1
7870,rule_3,1
42439,rule_2,0
5410,rule_3,1
50256,rule_2,0
37208,rule_3,1
92489,rule_3,1
38890,rule_2,0
76429,rule_2,0
35257,rule_3,1
68828,rule_3,1
83684,rule_1,1
37311,rule_3,1
57379,rule_2,0
80908,rule_2,0
68937,rule_3,1
92400,rule_3,1
53016,rule_1,1
82887,rule_2,0
67809,rule_3,1
84295,rule_2,0
14430,rule_3,1
27229,rule_1,1
62673,rule_2,0
35455,rule_3,1
61751,rule_3,1
45592,rule_1,1
75380,rule_3,1
82213,rule_3,1
27413,rule_3,1
94468,rule_3,1
12337,rule_3,1
76929,rule_2,0
84791,rule_3,1
82798,rule_2,0
27786,rule_3,1
9965,rule_2,0
10636,rule_1,1
32625,rule_3,1
21169,rule_1,1
42496,rule_3,1
13232,rule_3,1
2740,rule_3,1
13202,rule_3,1
48368,rule_3,1
86800,rule_3,1
69894,rule_3,1
43311,rule_3,1
28755,rule_3,1
85312,rule_2,0
72179,rule_3,1
75957,rule_3,1
92848,rule_2,0
86339,rule_1,1
48341,rule_3,1
47308,rule_3,1
94581,rule_2,0
41832,rule_3,1
49509,rule_1,1
62436,rule_3,1
27938,rule_3,1
82607,rule_3,1
20969,rule_3,1
48507,rule_1,1
17222,rule_3,1
73995,rule_3,1
57226,rule_1,1
71328,rule_2,0
67263,rule_3,1
18609,rule_2,0
51515,rule_3,1
61246,rule_1,1
47323,rule_1,1
19564,rule_1,1
43053,rule_1,1
3986,rule_3,1
93206,rule_1,1
48522,rule_3,1
74555,rule_3,1
61598,rule_2,0
20608,rule_4,0
1068,rule_2,0
89300,rule_3,1
24486,rule_1,1
76795,rule_2,0
59011,rule_3,1
10941,rule_3,1
93044,rule_3,1
44150,rule_2,0
81543,rule_2,0
88888,rule_3,1
28206,rule_3,1
71998,rule_3,1
84982,rule_3,1
63601,rule_4,0
66426,rule_3,1
10482,rule_3,1
5154,rule_3,1
34732,rule_2,0
75387,rule_3,1
12063,rule_2,0
80033,rule_3,1
1910,rule_2,0
15691,rule_3,1
73890,rule_2,0
39602,rule_1,1
4135,rule_3,1
68275,rule_3,1
68372,rule_2,0
44224,rule_2,0
7214,rule_2,0
36539,rule_3,1
68922,rule_3,1
99534,rule_4,0
133,rule_2,0
47099,rule_3,1
33350,rule_2,0
9717,rule_3,1
55992,rule_3,1
33162,rule_1,1
88479,rule_3,1
58454,rule_4,0
63322,rule_3,1
29566,rule_3,1
30816,rule_2,0
53081,rule_2,0
13704,rule_2,0
36496,rule_3,1
50494,rule_2,0
20662,rule_3,1
73720,rule_3,1
26854,rule_3,1
99658,rule_3,1
44195,rule_1,1
20596,rule_1,1
28075,rule_3,1
90348,rule_2,0
37382,rule_2,0
82144,rule_3,1
17359,rule_3,1
8594,rule_1,1
46937,rule_3,1
85930,rule_3,1
10151,rule_1,1
22607,rule_2,0
20983,rule_3,1
19788,rule_3,1
85436,rule_3,1
70249,rule_3,1
93678,rule_3,1
95316,rule_3,1
99129,rule_3,1
8072,rule_2,0
11768,rule_3,1
18808,rule_3,1
81427,rule_3,1
38033,rule_1,1
55824,rule_3,1
38932,rule_3,1
85469,rule_2,0
90366,rule_2,0
54848,rule_3,1
21361,rule_2,0
23933,rule_3,1
71018,rule_1,1
99040,rule_3,1
89495,rule_3,1
50312,rule_3,1
6896,rule_3,1
61083,rule_2,0
87422,rule_3,1
27886,rule_1,1
81100,rule_2,0
49962,rule_3,1
18769,rule_3,1
47086,rule_2,0
35419,rule_3,1
17460,rule_3,1
32126,rule_3,1
8790,rule_2,0
48114,rule_2,0
3191,rule_3,1
52773,rule_2,0
45118,rule_3,1
3651,rule_3,1
85991,rule_4,0
57443,rule_4,0
38745,rule_3,1
68907,rule_3,1
42373,rule_4,0
60214,rule_1,1
20843,rule_3,1
94188,rule_1,1
67301,rule_3,1
96385,rule_2,0
10861,rule_3,1
26709,rule_3,1
96527,rule_3,1
58009,rule_2,0
15630,rule_4,0
28528,rule_3,1
7904,rule_3,1
28616,rule_2,0
13335,rule_2,0
83657,rule_2,0
14693,rule_3,1
46220,rule_3,1
46762,rule_1,1
11540,rule_3,1
83489,rule_1,1
17128,rule_1,1
50831,rule_1,1
85915,rule_3,1
74354,rule_3,1
71821,rule_2,0
6274,rule_2,0
45713,rule_3,1
56748,rule_3,1
8537,rule_3,1
81188,rule_1,1
54647,rule_1,1
30029,rule_1,1
41965,rule_2,0
78178,rule_3,1
59625,rule_3,1
97455,rule_3,1
90202,rule_3,1
20720,rule_2,0
95056,rule_1,1
70199,rule_1,1
21499,rule_3,1
56327,rule_3,1
74124,rule_2,0
46183,rule_2,0
13307,rule_1,1
32960,rule_3,1
87133,rule_2,0
3642,rule_3,1
26337,rule_3,1
81336,rule_2,0
34269,rule_3,1
65558,rule_3,1
36487,rule_3,1
62148,rule_3,1
35671,rule_4,0
5535,rule_1,1
19277,rule_3,1
56573,rule_3,1
80772,rule_3,1
22913,rule_3,1
17208,rule_3,1
96690,rule_3,1
10293,rule_2,0
36391,rule_3,1
69796,rule_3,1
37494,rule_1,1
67006,rule_3,1
78859,rule_2,0
30937,rule_3,1
25497,rule_4,0
97172,rule_1,1
54155,rule_3,1
35011,rule_3,1
73961,rule_1,1
369,rule_3,1
969,rule_3,1
44554,rule_2,0
58760,rule_1,1
78649,rule_4,0
9492,rule_1,1
16449,rule_3,1
30349,rule_3,1
76921,rule_4,0
86131,rule_3,1
36614,rule_1,1
11018,rule_3,1
87237,rule_2,0
64341,rule_3,1
83642,rule_3,1
33173,rule_3,1
99789,rule_3,1
10684,rule_4,0
76509,rule_4,0
51508,rule_1,1
3233,rule_3,1
96305,rule_1,1
18303,rule_3,1
72783,rule_3,1
28512,rule_3,1
50722,rule_3,1
1832,rule_4,0
1243,rule_2,0
93931,rule_2,0
52022,rule_1,1
91227,rule_3,1
50478,rule_2,0
70193,rule_3,1
28907,rule_2,0
8999,rule_3,1
59056,rule_2,0
58646,rule_3,1
83246,rule_3,1
41112,rule_1,1
35758,rule_2,0
92161,rule_2,0
7491,rule_1,1
18162,rule_1,1
46390,rule_1,1
80309,rule_2,0
92050,rule_3,1
50375,rule_2,0
67314,rule_2,0
24162,rule_4,0
32313,rule_3,1
15112,rule_1,1
76670,rule_3,1
78609,rule_3,1
72389,rule_3,1
67360,rule_4,0
57854,rule_1,1
23028,rule_1,1
63723,rule_3,1
22785,rule_3,1
47259,rule_2,0
19936,rule_1,1
12179,rule_3,1
21631,rule_1,1
56326,rule_1,1
51041,rule_1,1
14780,rule_1,1
81654,rule_3,1
91640,rule_3,1
78007,rule_3,1
16620,rule_3,1
66274,rule_2,0
16609,rule_3,1
57090,rule_4,0
3294,rule_2,0
44253,rule_2,0
92723,rule_3,1
23291,rule_3,1
3846,rule_3,1
28470,rule_3,1
47820,rule_3,1
54704,rule_3,1
94122,rule_2,0
13778,rule_2,0
95609,rule_3,1
22302,rule_2,0
45808,rule_2,0
37793,rule_3,1
77807,rule_2,0
67195,rule_3,1
32981,rule_1,1
98680,rule_4,0
89235,rule_3,1
48115,rule_2,0
86340,rule_3,1
1215,rule_2,0
21578,rule_4,0
63080,rule_3,1
81435,rule_3,1
58704,rule_2,0
15763,rule_2,0
64281,rule_2,0
65132,rule_3,1
79732,rule_3,1
37680,rule_3,1
58409,rule_1,1
68105,rule_3,1
2106,rule_3,1
9506,rule_1,1
2414,rule_3,1
32215,rule_1,1
835,rule_2,0
74600,rule_3,1
74992,rule_3,1
42579,rule_1,1
22420,rule_1,1
12538,rule_3,1
46058,rule_3,1
59759,rule_3,1
13164,rule_3,1
50183,rule_2,0
22937,rule_3,1
44144,rule_1,1
50540,rule_3,1
51154,rule_2,0
5610,rule_3,1
11908,rule_3,1
4582,rule_3,1
15090,rule_1,1
75829,rule_2,0
9678,rule_3,1
60927,rule_2,0
2524,rule_2,0
46951,rule_3,1
55207,rule_3,1
56412,rule_3,1
68520,rule_3,1
95315,rule_3,1
19463,rule_3,1
54713,rule_3,1
4783,rule_2,0
30783,rule_2,0
19559,rule_3,1
4382,rule_2,0
38193,rule_4,0
33761,rule_2,0
55557,rule_3,1
79972,rule_3,1
7643,rule_3,1
39221,rule_3,1
84086,rule_1,1
99766,rule_2,0
20188,rule_2,0
35282,rule_3,1
7374,rule_1,1
76155,rule_3,1
53020,rule_3,1
47709,rule_3,1
26740,rule_1,1
95231,rule_3,1
73174,rule_3,1
59275,rule_3,1
72391,rule_1,1
10620,rule_1,1
53916,rule_3,1
66923,rule_2,0
96988,rule_3,1
21324,rule_3,1
556,rule_1,1
18706,rule_3,1
16705,rule_4,0
35864,rule_3,1
3286,rule_1,1
9931,rule_3,1
74703,rule_3,1
50223,rule_3,1
7848,rule_2,0
1314,rule_2,0
26470,rule_3,1
63768,rule_3,1
85880,rule_3,1
57573,rule_1,1
76632,rule_2,0
27910,rule_3,1
38232,rule_3,1
14707,rule_3,1
44014,rule_2,0
42400,rule_3,1
25758,rule_3,1
39340,rule_3,1
94819,rule_1,1
18654,rule_3,1
18257,rule_4,0
2973,rule_1,1
90519,rule_3,1
17807,rule_3,1
99986,rule_3,1
29284,rule_2,0
43075,rule_2,0
2766,rule_2,0
1542,rule_3,1
26850,rule_3,1
59947,rule_3,1
27473,rule_3,1
20992,rule_3,1
51953,rule_3,1
73971,rule_3,1
89032,rule_1,1
96498,rule_3,1
29333,rule_2,0
77925,rule_1,1
87459,rule_3,1
32377,rule_2,0
58437,rule_3,1
93231,rule_3,1
62258,rule_3,1
56800,rule_1,1
74100,rule_3,1
3772,rule_3,1
46229,rule_2,0
83030,rule_3,1
4656,rule_3,1
38099,rule_2,0
58383,rule_2,0
11435,rule_3,1
97747,rule_3,1
295,rule_2,0
41035,rule_3,1
56248,rule_3,1
46158,rule_3,1
27500,rule_3,1
78219,rule_3,1
85475,rule_3,1
74633,rule_1,1
1738,rule_1,1
39030,rule_4,0
20366,rule_4,0
15358,rule_1,1
36114,rule_3,1
77029,rule_3,1
75165,rule_3,1
8315,rule_3,1
92237,rule_1,1
9720,rule_2,0
94140,rule_3,1
21323,rule_1,1
43891,rule_3,1
30298,rule_3,1
32827,rule_3,1
53015,rule_3,1
96012,rule_3,1
57558,rule_3,1
29060,rule_1,1
59636,rule_2,0
28943,rule_3,1
98154,rule_3,1
3436,rule_1,1
85611,rule_3,1
83570,rule_3,1
17323,rule_3,1
98188,rule_2,0
82316,rule_2,0
55699,rule_3,1
78423,rule_3,1
93436,rule_3,1
44528,rule_3,1
16139,rule_3,1
42943,rule_3,1
52067,rule_2,0
5994,rule_1,1
9108,rule_3,1
86336,rule_2,0
88291,rule_3,1
57481,rule_3,1
26394,rule_3,1
56948,rule_4,0
97629,rule_3,1
34841,rule_1,1
77659,rule_3,1
80374,rule_3,1
44141,rule_3,1
13336,rule_3,1
3514,rule_3,1
80104,rule_2,0
49038,rule_3,1
42720,rule_2,0
92361,rule_3,1
89403,rule_1,1
49112,rule_3,1
89631,rule_3,1
88878,rule_4,0
3783,rule_2,0
95967,rule_1,1
31226,rule_3,1
65422,rule_3,1
9337,rule_1,1
15386,rule_2,0
10703,rule_3,1
70401,rule_2,0
89655,rule_1,1
78817,rule_4,0
77927,rule_3,1
71622,rule_3,1
78083,rule_3,1
48038,rule_2,0
4925,rule_3,1
4533,rule_3,1
99540,rule_1,1
38171,rule_2,0
4056,rule_1,1
95943,rule_1,1
98664,rule_2,0
75537,rule_4,0
23536,rule_2,0
11954,rule_2,0
28401,rule_3,1
2851,rule_3,1
43006,rule_3,1
94696,rule_3,1
75792,rule_3,1
46074,rule_4,0
89827,rule_3,1
93176,rule_4,0
12880,rule_3,1
44913,rule_2,0
85375,rule_1,1
42749,rule_1,1
25021,rule_3,1
23770,rule_2,0
71056,rule_2,0
66395,rule_2,0
15883,rule_4,0
5973,rule_3,1
20824,rule_2,0
62666,rule_3,1
40644,rule_2,0
99599,rule_3,1
596,rule_3,1
8805,rule_3,1
89720,rule_1,1
41955,rule_3,1
75283,rule_3,1
79889,rule_4,0
75702,rule_3,1
65213,rule_2,0
1952,rule_3,1
74657,rule_2,0
94429,rule_3,1
71186,rule_2,0
81384,rule_1,1
7911,rule_2,0
56097,rule_3,1
59118,rule_3,1
80318,rule_3,1
73367,rule_3,1
68050,rule_3,1
39501,rule_3,1
7527,rule_1,1
73397,rule_3,1
63646,rule_3,1
4701,rule_3,1
59790,rule_2,0
27627,rule_1,1
24977,rule_3,1
89877,rule_3,1
83097,rule_2,0
48929,rule_1,1
25009,rule_3,1
77463,rule_3,1
87581,rule_2,0
92293,rule_1,1
9216,rule_1,1
90640,rule_4,0
56631,rule_1,1
20540,rule_1,1
61893,rule_3,1
92837,rule_2,0
29188,rule_3,1
79623,rule_1,1
20626,rule_3,1
5425,rule_3,1
13266,rule_1,1
89368,rule_2,0
28841,rule_2,0
81104,rule_4,0
47935,rule_2,0
74532,rule_3,1
34319,rule_2,0
17394,rule_1,1
23520,rule_1,1
80379,rule_2,0
60092,rule_3,1
10930,rule_3,1
88535,rule_3,1
43823,rule_3,1
21360,rule_3,1
728,rule_2,0
48894,rule_2,0
14592,rule_3,1
87641,rule_2,0
57895,rule_3,1
73706,rule_3,1
92763,rule_3,1
88781,rule_4,0
65868,rule_3,1
55312,rule_3,1
57852,rule_1,1
65748,rule_3,1
98921,rule_3,1
35032,rule_2,0
44136,rule_3,1
3544,rule_3,1
34207,rule_3,1
10708,rule_2,0
19253,rule_2,0
81788,rule_3,1
51587,rule_1,1
13238,rule_3,1
55983,rule_1,1
4793,rule_3,1
7958,rule_2,0
2018,rule_3,1
92513,rule_3,1
33689,rule_2,0
89648,rule_1,1
77708,rule_2,0
81933,rule_1,1
70405,rule_2,0
10977,rule_2,0
87363,rule_2,0
75433,rule_1,1
454,rule_3,1
74778,rule_3,1
52128,rule_2,0
42617,rule_3,1
68994,rule_3,1
96818,rule_2,0
75762,rule_3,1
17044,rule_3,1
36902,rule_3,1
23807,rule_4,0
35508,rule_2,0
25989,rule_1,1
56322,rule_3,1
68323,rule_3,1
36840,rule_4,0
29826,rule_4,0
24075,rule_4,0
8223,rule_3,1
8124,rule_3,1
39132,rule_3,1
47219,rule_3,1
5797,rule_1,1
36446,rule_1,1
96956,rule_3,1
74401,rule_3,1
60120,rule_4,0
29681,rule_4,0
5189,rule_3,1
86283,rule_4,0
83029,rule_3,1
19614,rule_3,1
35031,rule_3,1
19158,rule_3,1
18734,rule_2,0
60664,rule_3,1
5058,rule_3,1
87756,rule_2,0
86247,rule_3,1
94093,rule_3,1
13187,rule_3,1
1780,rule_2,0
35322,rule_3,1
62120,rule_2,0
99889,rule_3,1
68223,rule_3,1
66577,rule_3,1
44461,rule_3,1
50716,rule_3,1
90468,rule_3,1
16940,rule_1,1
68608,rule_1,1
86395,rule_3,1
40298,rule_1,1
37147,rule_3,1
29505,rule_3,1
73303,rule_3,1
50569,rule_3,1
28562,rule_4,0
80730,rule_3,1
81219,rule_2,0
81200,rule_3,1
80665,rule_3,1
77568,rule_1,1
58702,rule_3,1
93586,rule_2,0
7962,rule_2,0
40168,rule_3,1
1907,rule_3,1
65055,rule_1,1
59558,rule_1,1
50391,rule_4,0
25346,rule_3,1
82675,rule_1,1
75840,rule_2,0
54944,rule_3,1
13504,rule_1,1
67561,rule_4,0
47658,rule_1,1
45407,rule_3,1
17398,rule_3,1
47600,rule_2,0
62371,rule_3,1
29,rule_2,0
62638,rule_1,1
9719,rule_1,1
33124,rule_3,1
58774,rule_1,1
68707,rule_3,1
31664,rule_3,1
32464,rule_1,1
50469,rule_3,1
54402,rule_3,1
11561,rule_1,1
57677,rule_3,1
56018,rule_3,1
83997,rule_3,1
69212,rule_3,1
80987,rule_3,1
20609,rule_3,1
46532,rule_2,0
6750,rule_3,1
32889,rule_3,1
6795,rule_3,1
45891,rule_3,1
86149,rule_2,0
46452,rule_3,1
65865,rule_3,1
70247,rule_3,1
19666,rule_3,1
67907,rule_2,0
58048,rule_3,1
15792,rule_2,0
95312,rule_4,0
76408,rule_3,1
64511,rule_3,1
18563,rule_3,1
70435,rule_1,1
37922,rule_3,1
66746,rule_3,1
13363,rule_3,1
73954,rule_3,1
45837,rule_4,0
39833,rule_4,0
91010,rule_3,1
35892,rule_1,1
65615,rule_2,0
49403,rule_2,0
98533,rule_2,0
22761,rule_3,1
98898,rule_1,1
71319,rule_1,1
71219,rule_1,1
9494,rule_3,1
3982,rule_3,1
58467,rule_3,1
94914,rule_3,1
20391,rule_2,0
50714,rule_3,1
15606,rule_3,1
80022,rule_3,1
71750,rule_2,0
19642,rule_1,1
53694,rule_3,1
34551,rule_2,0
63249,rule_3,1
13276,rule_3,1
5545,rule_2,0
86674,rule_3,1
99051,rule_1,1
98050,rule_1,1
82598,rule_4,0
14386,rule_2,0
27182,rule_2,0
6790,rule_3,1
34161,rule_1,1
61314,rule_3,1
65473,rule_3,1
26288,rule_3,1
85658,rule_2,0
19361,rule_3,1
39463,rule_3,1
35984,rule_1,1
65306,rule_3,1
8990,rule_2,0
12405,rule_3,1
9970,rule_3,1
12306,rule_3,1
67307,rule_3,1
87905,rule_3,1
95277,rule_3,1
76449,rule_3,1
30989,rule_3,1
35791,rule_3,1
28805,rule_3,1
38170,rule_2,0
7857,rule_3,1
60357,rule_3,1
10101,rule_3,1
39644,rule_1,1
21576,rule_3,1
37388,rule_2,0
94975,rule_3,1
74256,rule_2,0
74095,rule_1,1
47059,rule_1,1
78053,rule_3,1
24531,rule_3,1
40737,rule_4,0
86185,rule_3,1
89788,rule_3,1
77991,rule_1,1
72362,rule_2,0
57266,rule_3,1
42880,rule_3,1
31827,rule_3,1
49854,rule_3,1
88091,rule_3,1
40928,rule_2,0
61992,rule_3,1
56023,rule_3,1
10451,rule_3,1
69960,rule_3,1
6863,rule_3,1
21253,rule_3,1
9491,rule_1,1
86297,rule_1,1
81172,rule_3,1
35695,rule_3,1
21305,rule_3,1
75362,rule_3,1
9480,rule_3,1
8734,rule_1,1
37756,rule_3,1
53503,rule_2,0
82411,rule_1,1
85618,rule_3,1
2014,rule_3,1
61109,rule_2,0
53804,rule_3,1
38446,rule_3,1
2148,rule_3,1
59239,rule_3,1
93706,rule_3,1
75236,rule_3,1
43724,rule_3,1
72378,rule_1,1
26812,rule_3,1
17195,rule_3,1
54470,rule_3,1
64920,rule_1,1
71806,rule_2,0
49465,rule_3,1
67610,rule_4,0
42499,rule_3,1
37261,rule_4,0
96212,rule_3,1
40503,rule_2,0
18175,rule_4,0
76871,rule_2,0
14622,rule_3,1
15333,rule_1,1
40098,rule_3,1
42969,rule_3,1
58027,rule_2,0
3896,rule_3,1
768,rule_3,1
50282,rule_2,0
46661,rule_3,1
83566,rule_3,1
73549,rule_1,1
99411,rule_2,0
28719,rule_4,0
81900,rule_1,1
93677,rule_2,0
90284,rule_3,1
66345,rule_3,1
24310,rule_4,0
1469,rule_3,1
30338,rule_3,1
58761,rule_2,0
76087,rule_3,1
35491,rule_3,1
5420,rule_2,0
97050,rule_3,1
17549,rule_1,1
44723,rule_3,1
21060,rule_3,1
61870,rule_3,1
61955,rule_3,1
78210,rule_1,1
6042,rule_3,1
77598,rule_1,1
47357,rule_3,1
99508,rule_3,1
86490,rule_3,1
31363,rule_3,1
91165,rule_3,1
84172,rule_3,1
34930,rule_1,1
21059,rule_2,0
94737,rule_3,1
23841,rule_3,1
9248,rule_2,0
37421,rule_1,1
91039,rule_3,1
15734,rule_3,1
75653,rule_3,1
22764,rule_1,1
7266,rule_3,1
29484,rule_3,1
96508,rule_3,1
98798,rule_2,0
50228,rule_3,1
77262,rule_4,0
98174,rule_3,1
15044,rule_3,1
97215,rule_3,1
23526,rule_3,1
64825,rule_3,1
23098,rule_2,0
58900,rule_2,0
30975,rule_3,1
31674,rule_2,0
79570,rule_3,1
29546,rule_1,1
26029,rule_2,0
45930,rule_1,1
20542,rule_3,1
65523,rule_3,1
26499,rule_2,0
75,rule_3,1
66256,rule_3,1
60647,rule_1,1
23724,rule_3,1
36785,rule_3,1
38329,rule_3,1
45810,rule_2,0
59474,rule_1,1
69469,rule_3,1
80207,rule_3,1
63645,rule_2,0
49834,rule_4,0
72070,rule_1,1
48271,rule_2,0
21401,rule_3,1
68046,rule_1,1
42013,rule_1,1
31417,rule_1,1
32318,rule_1,1
59026,rule_2,0
69604,rule_2,0
20105,rule_4,0
57706,rule_1,1
78637,rule_3,1
93268,rule_3,1
30545,rule_3,1
27819,rule_3,1
68682,rule_3,1
83050,rule_3,1
74234,rule_3,1
60753,rule_3,1
91799,rule_3,1
30563,rule_1,1
89847,rule_1,1
24846,rule_3,1
49693,rule_3,1
86156,rule_3,1
54660,rule_3,1
89744,rule_2,0
40165,rule_3,1
46203,rule_3,1
44329,rule_3,1
17139,rule_3,1
1538,rule_1,1
10196,rule_3,1
97976,rule_3,1
6074,rule_3,1
11111,rule_3,1
85946,rule_3,1
21603,rule_3,1
57185,rule_3,1
23611,rule_2,0
31630,rule_2,0
33006,rule_3,1
20656,rule_3,1
22260,rule_3,1
55810,rule_3,1
49253,rule_3,1
55857,rule_3,1
71630,rule_3,1
39391,rule_3,1
37535,rule_1,1
56656,rule_3,1
62225,rule_3,1
1621,rule_2,0
74330,rule_2,0
21302,rule_3,1
66845,rule_3,1
79911,rule_1,1
1583,rule_2,0
46695,rule_2,0
24364,rule_1,1
46692,rule_3,1
1045,rule_3,1
58902,rule_1,1
50640,rule_2,0
73170,rule_1,1
10932,rule_3,1
38564,rule_3,1
63669,rule_3,1
38260,rule_3,1
1133,rule_3,1
20184,rule_3,1
44566,rule_3,1
92341,rule_3,1
60741,rule_3,1
67137,rule_3,1
68179,rule_1,1
1850,rule_3,1
58960,rule_1,1
67289,rule_3,1
34809,rule_3,1
84004,rule_3,1
40734,rule_3,1
38968,rule_1,1
19644,rule_3,1
99293,rule_3,1
50509,rule_2,0
5148,rule_3,1
98170,rule_3,1
25252,rule_2,0
65141,rule_1,1
10738,rule_3,1
61716,rule_3,1
18052,rule_2,0
12192,rule_2,0
76231,rule_3,1
22399,rule_3,1
13289,rule_1,1
32335,rule_3,1
16560,rule_3,1
87909,rule_1,1
51361,rule_3,1
11802,rule_3,1
85708,rule_3,1
28931,rule_2,0
46119,rule_2,0
14651,rule_3,1
81111,rule_3,1
41257,rule_3,1
74855,rule_2,0
58850,rule_3,1
54226,rule_3,1
98172,rule_3,1
84362,rule_3,1
63885,rule_3,1
64995,rule_3,1
22341,rule_3,1
17707,rule_3,1
50756,rule_3,1
61555,rule_2,0
24399,rule_1,1
36834,rule_3,1
80633,rule_3,1
66831,rule_2,0
34832,rule_3,1
28648,rule_3,1
49104,rule_4,0
39452,rule_1,1
50712,rule_1,1
20003,rule_4,0
5578,rule_3,1
59903,rule_3,1
59841,rule_2,0
40858,rule_3,1
59181,rule_3,1
71148,rule_2,0
92285,rule_2,0
5078,rule_3,1
70872,rule_3,1
75083,rule_3,1
23351,rule_1,1
4142,rule_3,1
73475,rule_4,0
77929,rule_2,0
98516,rule_2,0
78573,rule_3,1
99704,rule_2,0
56059,rule_1,1
60625,rule_1,1
12225,rule_3,1
23105,rule_3,1
50388,rule_2,0
9584,rule_3,1
86552,rule_2,0
27028,rule_1,1
45718,rule_3,1
2252,rule_2,0
91138,rule_3,1
69207,rule_3,1
92757,rule_2,0
90938,rule_1,1
91865,rule_2,0
90749,rule_4,0
65603,rule_3,1
78973,rule_3,1
37529,rule_3,1
82868,rule_3,1
77226,rule_3,1
88906,rule_3,1
92157,rule_1,1
79733,rule_1,1
94876,rule_2,0
20270,rule_1,1
99530,rule_3,1
49435,rule_1,1
64361,rule_3,1
12964,rule_1,1
44679,rule_3,1
72234,rule_2,0
91357,rule_1,1
96503,rule_3,1
60232,rule_3,1
27868,rule_3,1
89052,rule_3,1
38827,rule_3,1
17949,rule_2,0
26573,rule_3,1
53464,rule_2,0
10751,rule_4,0
3321,rule_3,1
21577,rule_3,1
48633,rule_3,1
76001,rule_1,1
30734,rule_1,1
12447,rule_3,1
70310,rule_1,1
50000,rule_3,1
92302,rule_3,1
62889,rule_3,1
49991,rule_2,0
60278,rule_3,1
89453,rule_2,0
95577,rule_3,1
24144,rule_3,1
20982,rule_3,1
30493,rule_3,1
25994,rule_3,1
48734,rule_2,0
95356,rule_4,0
61193,rule_1,1
49757,rule_2,0
79097,rule_1,1
58866,rule_3,1
44334,rule_1,1
39994,rule_4,0
67848,rule_3,1
88917,rule_4,0
51135,rule_3,1
29686,rule_3,1
78195,rule_1,1
73928,rule_3,1
47637,rule_3,1
41446,rule_3,1
80704,rule_3,1
12917,rule_2,0
54881,rule_3,1
68360,rule_3,1
4552,rule_3,1
96835,rule_3,1
38105,rule_3,1
11438,rule_3,1
86374,rule_2,0
24571,rule_3,1
28478,rule_3,1
11354,rule_4,0
3750,rule_3,1
43163,rule_2,0
82358,rule_4,0
16533,rule_2,0
60727,rule_3,1
8400,rule_3,1
9080,rule_1,1
66061,rule_3,1
30767,rule_3,1
25524,rule_3,1
57603,rule_2,0
69264,rule_1,1
9473,rule_3,1
88720,rule_3,1
20751,rule_2,0
30462,rule_1,1
15621,rule_3,1
67820,rule_3,1
67839,rule_1,1
89318,rule_3,1
44378,rule_3,1
3053,rule_4,0
14293,rule_3,1
71357,rule_3,1
28037,rule_3,1
58033,rule_3,1
15174,rule_1,1
19951,rule_3,1
65585,rule_1,1
82422,rule_3,1
47780,rule_3,1
31820,rule_2,0
14346,rule_1,1
48543,rule_1,1
230,rule_3,1
1212,rule_3,1
63746,rule_3,1
74309,rule_1,1
60925,rule_3,1
20690,rule_3,1
99445,rule_4,0
82995,rule_3,1
76479,rule_2,0
1987,rule_2,0
74324,rule_1,1
56806,rule_2,0
61721,rule_2,0
43679,rule_1,1
27939,rule_3,1
25023,rule_3,1
14017,rule_2,0
37202,rule_3,1
62575,rule_2,0
93804,rule_3,1
93695,rule_1,1
36930,rule_1,1
68654,rule_1,1
17510,rule_3,1
56031,rule_3,1
59413,rule_1,1
76769,rule_2,0
64923,rule_3,1
38091,rule_1,1
13754,rule_3,1
93725,rule_2,0
71777,rule_3,1
65035,rule_3,1
35188,rule_3,1
77853,rule_3,1
71744,rule_3,1
13304,rule_3,1
7171,rule_3,1
47998,rule_3,1
89127,rule_3,1
84147,rule_2,0
33786,rule_1,1
37501,rule_3,1
57693,rule_3,1
24128,rule_3,1
83849,rule_3,1
65887,rule_3,1
47664,rule_1,1
32992,rule_3,1
55183,rule_2,0
36405,rule_3,1
25564,rule_2,0
94030,rule_1,1
35269,rule_3,1
98819,rule_3,1
99568,rule_3,1
33333,rule_3,1
46506,rule_3,1
65031,rule_3,1
10368,rule_1,1
57242,rule_2,0
3386,rule_3,1
36702,rule_3,1
31933,rule_3,1
73496,rule_3,1
84628,rule_1,1
80053,rule_4,0
99584,rule_3,1
85367,rule_4,0
87877,rule_2,0
27305,rule_4,0
18317,rule_3,1
73314,rule_3,1
32931,rule_3,1
56678,rule_1,1
17206,rule_1,1
26640,rule_4,0
90199,rule_3,1
15995,rule_3,1
30287,rule_3,1
76426,rule_3,1
44787,rule_3,1
73182,rule_3,1
14117,rule_3,1
9590,rule_2,0
95365,rule_3,1
68370,rule_3,1
60391,rule_3,1
26757,rule_3,1
89327,rule_3,1
46706,rule_3,1
85782,rule_2,0
62516,rule_1,1
24625,rule_4,0
92081,rule_3,1
94351,rule_3,1
75516,rule_3,1
85327,rule_1,1
56921,rule_3,1
83796,rule_3,1
14550,rule_1,1
19074,rule_3,1
50342,rule_3,1
53998,rule_2,0
54363,rule_2,0
69527,rule_3,1
40829,rule_2,0
43334,rule_1,1
48785,rule_3,1
50727,rule_3,1
60103,rule_3,1
14800,rule_3,1
94749,rule_3,1
68322,rule_1,1
43540,rule_1,1
55712,rule_3,1
43455,rule_1,1
3881,rule_2,0
95371,rule_3,1
40523,rule_2,0
51743,rule_4,0
77512,rule_2,0
73283,rule_2,0
93924,rule_3,1
54388,rule_2,0
36714,rule_1,1
26506,rule_3,1
75646,rule_2,0
25093,rule_3,1
37123,rule_2,0
5667,rule_3,1
32941,rule_4,0
3408,rule_3,1
88417,rule_3,1
70602,rule_3,1
67085,rule_4,0
7436,rule_1,1
57837,rule_3,1
63289,rule_1,1
10025,rule_3,1
11815,rule_2,0
61031,rule_3,1
79956,rule_1,1
63045,rule_2,0
84364,rule_3,1
29114,rule_3,1
8419,rule_3,1
51639,rule_4,0
75119,rule_3,1
95084,rule_2,0
43482,rule_3,1
77995,rule_1,1
13108,rule_3,1
41026,rule_3,1
12468,rule_3,1
32333,rule_3,1
95648,rule_3,1
51025,rule_3,1
54513,rule_2,0
13732,rule_3,1
38673,rule_3,1
63750,rule_3,1
66382,rule_3,1
90926,rule_3,1
68932,rule_2,0
77096,rule_1,1
45529,rule_3,1
23148,rule_2,0
3128,rule_2,0
42463,rule_3,1
80675,rule_3,1
41270,rule_3,1
58536,rule_1,1
95819,rule_4,0
46563,rule_3,1
66491,rule_1,1
16536,rule_3,1
69124,rule_3,1
69094,rule_1,1
76312,rule_4,0
28949,rule_1,1
43731,rule_1,1
45773,rule_3,1
65243,rule_3,1
28553,rule_3,1
49477,rule_2,0
57043,rule_3,1
48774,rule_2,0
54801,rule_3,1
6744,rule_2,0
11268,rule_3,1
28482,rule_1,1
5496,rule_2,0
75021,rule_3,1
58032,rule_3,1
82429,rule_1,1
13891,rule_1,1
11827,rule_1,1
89942,rule_1,1
84182,rule_3,1
88579,rule_3,1
97342,rule_3,1
8178,rule_2,0
11621,rule_3,1
7858,rule_3,1
20806,rule_2,0
83022,rule_3,1
35372,rule_3,1
8610,rule_3,1
8062,rule_2,0
36019,rule_1,1
78138,rule_3,1
28717,rule_3,1
52710,rule_3,1
33478,rule_3,1
65186,rule_3,1
42983,rule_3,1
70135,rule_2,0
2043,rule_2,0
6131,rule_3,1
50655,rule_3,1
33086,rule_2,0
76103,rule_3,1
67601,rule_3,1
14458,rule_2,0
13420,rule_2,0
29662,rule_4,0
22991,rule_3,1
45642,rule_3,1
31170,rule_3,1
47762,rule_3,1
57191,rule_1,1
86924,rule_1,1
6524,rule_2,0
91494,rule_2,0
38508,rule_3,1
14954,rule_2,0
5471,rule_2,0
87737,rule_3,1
95942,rule_2,0
79873,rule_1,1
24015,rule_3,1
36932,rule_3,1
13181,rule_3,1
27927,rule_3,1
76959,rule_2,0
84686,rule_1,1
6379,rule_3,1
84162,rule_3,1
56524,rule_3,1
19868,rule_2,0
80281,rule_3,1
36308,rule_3,1
71847,rule_3,1
74756,rule_2,0
38286,rule_4,0
51589,rule_4,0
35363,rule_1,1
98753,rule_3,1
7368,rule_3,1
31214,rule_2,0
35209,rule_4,0
39423,rule_3,1
14267,rule_1,1
62502,rule_2,0
15868,rule_3,1
50578,rule_3,1
21412,rule_3,1
16199,rule_3,1
87202,rule_2,0
67039,rule_4,0
27446,rule_4,0
26184,rule_3,1
29778,rule_2,0
66215,rule_1,1
81915,rule_2,0
71388,rule_1,1
7195,rule_1,1
65440,rule_2,0
81838,rule_3,1
42864,rule_1,1
64342,rule_2,0
68476,rule_1,1
54206,rule_3,1
93940,rule_3,1
88443,rule_1,1
66607,rule_3,1
17930,rule_1,1
72321,rule_1,1
79981,rule_2,0
76209,rule_2,0
19157,rule_3,1
36161,rule_2,0
65172,rule_2,0
50252,rule_3,1
60187,rule_3,1
50902,rule_1,1
49571,rule_3,1
94394,rule_1,1
50072,rule_3,1
42908,rule_4,0
47375,rule_2,0
59644,rule_3,1
58656,rule_2,0
19791,rule_3,1
21121,rule_1,1
87319,rule_2,0
37662,rule_3,1
8721,rule_1,1
58124,rule_1,1
17107,rule_1,1
87097,rule_1,1
59306,rule_3,1
51013,rule_3,1
19160,rule_3,1
97002,rule_3,1
49356,rule_3,1
7838,rule_3,1
65221,rule_3,1
53145,rule_4,0
38886,rule_1,1
52612,rule_3,1
12717,rule_1,1
24100,rule_3,1
71207,rule_2,0
90055,rule_2,0
51963,rule_3,1
8950,rule_1,1
21877,rule_3,1
99087,rule_2,0
31557,rule_3,1
26129,rule_1,1
46099,rule_2,0
31332,rule_3,1
62014,rule_1,1
90370,rule_2,0
11183,rule_3,1
25617,rule_3,1
15124,rule_2,0
82235,rule_1,1
41663,rule_3,1
73607,rule_3,1
74232,rule_3,1
22739,rule_2,0
76051,rule_2,0
62786,rule_1,1
10749,rule_3,1
82769,rule_4,0
81495,rule_3,1
97728,rule_3,1
98706,rule_2,0
22487,rule_3,1
24503,rule_1,1
27308,rule_3,1
87476,rule_1,1
14391,rule_3,1
78463,rule_3,1
91289,rule_3,1
44355,rule_1,1
49704,rule_3,1
86293,rule_3,1
19882,rule_2,0
17795,rule_3,1
47341,rule_3,1
92222,rule_3,1
73569,rule_3,1
1408,rule_3,1
28691,rule_2,0
97916,rule_3,1
79558,rule_2,0
79791,rule_3,1
83733,rule_2,0
41116,rule_3,1
33462,rule_3,1
10726,rule_3,1
21396,rule_2,0
3444,rule_3,1
74711,rule_3,1
69712,rule_3,1
79381,rule_3,1
43227,rule_1,1
4026,rule_2,0
13383,rule_3,1
54145,rule_3,1
91961,rule_3,1
16646,rule_3,1
55391,rule_2,0
77066,rule_3,1
81516,rule_2,0
85937,rule_1,1
3627,rule_3,1
39133,rule_2,0
49598,rule_3,1
37880,rule_3,1
79694,rule_3,1
65185,rule_3,1
64818,rule_2,0
10387,rule_2,0
30271,rule_3,1
96464,rule_3,1
19752,rule_2,0
3517,rule_1,1
43828,rule_2,0
35295,rule_3,1
52798,rule_3,1
15033,rule_3,1
92881,rule_3,1
45125,rule_2,0
1169,rule_1,1
86065,rule_3,1
24661,rule_3,1
68686,rule_1,1
82801,rule_3,1
58561,rule_3,1
63880,rule_3,1
23957,rule_2,0
19123,rule_1,1
78976,rule_3,1
34236,rule_3,1
73691,rule_3,1
66918,rule_3,1
79370,rule_2,0
44922,rule_3,1
29993,rule_3,1
4138,rule_3,1
19424,rule_3,1
4151,rule_3,1
39237,rule_3,1
79554,rule_3,1
57890,rule_4,0
62581,rule_1,1
72108,rule_3,1
15367,rule_3,1
89388,rule_2,0
33133,rule_2,0
80692,rule_3,1
79316,rule_3,1
33636,rule_2,0
27044,rule_3,1
53310,rule_3,1
55502,rule_3,1
81298,rule_2,0
57389,rule_3,1
96168,rule_3,1
65939,rule_3,1
37197,rule_3,1
98218,rule_1,1
68594,rule_3,1
15505,rule_1,1
59343,rule_1,1
49317,rule_2,0
47632,rule_3,1
55964,rule_3,1
43159,rule_2,0
61647,rule_3,1
44116,rule_4,0
44981,rule_3,1
3318,rule_3,1
77655,rule_2,0
40634,rule_1,1
64927,rule_3,1
89132,rule_2,0
12127,rule_1,1
39620,rule_4,0
83768,rule_3,1
99365,rule_1,1
17719,rule_1,1
25164,rule_3,1
38524,rule_3,1
58098,rule_3,1
60409,rule_1,1
6998,rule_2,0
15729,rule_1,1
707,rule_3,1
3492,rule_3,1
15340,rule_3,1
46016,rule_3,1
15824,rule_3,1
95395,rule_3,1
89627,rule_4,0
72591,rule_3,1
71117,rule_3,1
60783,rule_1,1
35920,rule_1,1
39386,rule_3,1
31100,rule_1,1
99208,rule_3,1
77528,rule_3,1
91187,rule_1,1
68144,rule_2,0
60655,rule_3,1
41951,rule_3,1
2430,rule_3,1
69352,rule_2,0
37336,rule_3,1
97300,rule_3,1
18647,rule_3,1
836,rule_2,0
74161,rule_1,1
25495,rule_3,1
22822,rule_3,1
71102,rule_4,0
40871,rule_3,1
21674,rule_1,1
28334,rule_2,0
4952,rule_2,0
80731,rule_2,0
84336,rule_3,1
57105,rule_3,1
68448,rule_3,1
89255,rule_1,1
19178,rule_1,1
11333,rule_3,1
40564,rule_3,1
99348,rule_3,1
27676,rule_3,1
90546,rule_1,1
56575,rule_3,1
74500,rule_3,1
34766,rule_3,1
8418,rule_1,1
77815,rule_2,0
5630,rule_2,0
42293,rule_3,1
91556,rule_3,1
3682,rule_3,1
19404,rule_4,0
29476,rule_3,1
69522,rule_3,1
15199,rule_2,0
93979,rule_1,1
71052,rule_3,1
86323,rule_2,0
37046,rule_3,1
69203,rule_2,0
73949,rule_3,1
55045,rule_3,1
18831,rule_1,1
88742,rule_1,1
46763,rule_2,0
88371,rule_3,1
90880,rule_3,1
85093,rule_3,1
11832,rule_1,1
28743,rule_3,1
82465,rule_3,1
42026,rule_3,1
72779,rule_3,1
2638,rule_3,1
57914,rule_3,1
92775,rule_3,1
83309,rule_3,1
84586,rule_2,0
83789,rule_3,1
48354,rule_3,1
878,rule_2,0
27106,rule_2,0
99695,rule_3,1
27960,rule_3,1
4380,rule_2,0
11958,rule_3,1
19188,rule_1,1
69445,rule_3,1
10764,rule_3,1
26332,rule_3,1
55649,rule_1,1
66544,rule_1,1
90368,rule_2,0
20837,rule_1,1
80172,rule_1,1
32153,rule_2,0
13162,rule_3,1
56117,rule_2,0
31391,rule_1,1
72016,rule_3,1
70248,rule_3,1
78013,rule_1,1
33758,rule_1,1
56464,rule_2,0
35451,rule_2,0
53911,rule_3,1
51661,rule_2,0
92072,rule_4,0
42471,rule_3,1
20699,rule_3,1
82929,rule_3,1
39149,rule_3,1
88560,rule_3,1
87893,rule_3,1
93630,rule_3,1
61466,rule_3,1
88075,rule_1,1
27201,rule_3,1
60102,rule_3,1
51029,rule_3,1
48868,rule_3,1
87183,rule_2,0
8447,rule_1,1
93635,rule_1,1
29088,rule_3,1
67335,rule_3,1
55935,rule_3,1
17144,rule_2,0
54634,rule_3,1
655,rule_3,1
5813,rule_3,1
21673,rule_3,1
2893,rule_3,1
98355,rule_3,1
5637,rule_3,1
75149,rule_3,1
68581,rule_4,0
43791,rule_3,1
59936,rule_3,1
24905,rule_3,1
87228,rule_3,1
71696,rule_1,1
13516,rule_4,0
52312,rule_3,1
45338,rule_1,1
71559,rule_2,0
37861,rule_3,1
13570,rule_1,1
11212,rule_3,1
11222,rule_3,1
47589,rule_3,1
10829,rule_2,0
88658,rule_1,1
4764,rule_2,0
27595,rule_2,0
60290,rule_3,1
3660,rule_3,1
3327,rule_2,0
9466,rule_3,1
47802,rule_3,1
60283,rule_3,1
68200,rule_2,0
54531,rule_2,0
59165,rule_2,0
25939,rule_2,0
80909,rule_3,1
27830,rule_3,1
87454,rule_1,1
77210,rule_3,1
49157,rule_3,1
96199,rule_2,0
30226,rule_1,1
34696,rule_1,1
94518,rule_2,0
46901,rule_1,1
33314,rule_1,1
99911,rule_1,1
68417,rule_3,1
87760,rule_1,1
46331,rule_3,1
74682,rule_2,0
21342,rule_4,0
11155,rule_2,0
27690,rule_3,1
81732,rule_3,1
85156,rule_3,1
97840,rule_3,1
52410,rule_3,1
41137,rule_2,0
24919,rule_3,1
31626,rule_2,0
16693,rule_3,1
32428,rule_4,0
50718,rule_1,1
6728,rule_4,0
51288,rule_3,1
40702,rule_3,1
98456,rule_3,1
63222,rule_2,0
23549,rule_3,1
29554,rule_2,0
86451,rule_1,1
53027,rule_3,1
57940,rule_3,1
23778,rule_2,0
51429,rule_3,1
88993,rule_3,1
31407,rule_3,1
78354,rule_2,0
96459,rule_3,1
13544,rule_2,0
8647,rule_3,1
68160,rule_3,1
87839,rule_1,1
41303,rule_3,1
41140,rule_3,1
19223,rule_3,1
37707,rule_3,1
24601,rule_2,0
46826,rule_3,1
14250,rule_3,1
40116,rule_3,1
17401,rule_1,1
54858,rule_3,1
51483,rule_2,0
42282,rule_3,1
55088,rule_3,1
39264,rule_3,1
756,rule_3,1
86841,rule_3,1
2780,rule_2,0
24504,rule_3,1
46098,rule_3,1
48571,rule_3,1
58145,rule_3,1
34776,rule_3,1
30078,rule_2,0
38969,rule_2,0
85845,rule_2,0
16454,rule_3,1
21752,rule_1,1
73621,rule_3,1
80584,rule_3,1
63754,rule_4,0
98980,rule_2,0
8434,rule_3,1
62515,rule_1,1
83601,rule_3,1
40326,rule_3,1
41338,rule_3,1
42430,rule_3,1
15735,rule_1,1
38730,rule_3,1
84524,rule_1,1
77910,rule_3,1
30252,rule_3,1
7869,rule_2,0
1270,rule_3,1
87334,rule_3,1
46502,rule_1,1
13441,rule_1,1
31625,rule_1,1
72535,rule_1,1
30936,rule_1,1
11284,rule_4,0
27303,rule_3,1
74206,rule_1,1
75058,rule_1,1
18668,rule_1,1
20117,rule_3,1
9046,rule_2,0
89045,rule_1,1
63218,rule_3,1
13750,rule_3,1
58096,rule_2,0
54798,rule_3,1
99627,rule_1,1
23005,rule_4,0
23332,rule_1,1
70664,rule_1,1
9328,rule_1,1
29141,rule_3,1
67082,rule_2,0
66276,rule_3,1
76412,rule_1,1
1675,rule_3,1
16122,rule_1,1
2568,rule_3,1
39753,rule_3,1
39564,rule_3,1
64953,rule_3,1
70269,rule_1,1
94942,rule_2,0
33542,rule_1,1
50018,rule_3,1
8522,rule_3,1
21585,rule_2,0
97585,rule_2,0
2245,rule_3,1
60242,rule_2,0
3204,rule_3,1
40057,rule_3,1
28886,rule_3,1
70741,rule_3,1
30826,rule_3,1
20225,rule_1,1
883,rule_3,1
77535,rule_2,0
43966,rule_3,1
97301,rule_3,1
1937,rule_3,1
45690,rule_3,1
72202,rule_2,0
3241,rule_3,1
10359,rule_1,1
364,rule_3,1
85644,rule_3,1
93432,rule_3,1
24055,rule_2,0
8739,rule_3,1
19325,rule_2,0
34410,rule_3,1
86438,rule_3,1
58233,rule_3,1
66709,rule_2,0
46234,rule_2,0
64017,rule_3,1
22470,rule_4,0
63581,rule_3,1
58755,rule_1,1
36111,rule_3,1
36133,rule_2,0
91829,rule_2,0
535,rule_3,1
12666,rule_2,0
34179,rule_3,1
78016,rule_2,0
49295,rule_1,1
57787,rule_3,1
60039,rule_3,1
17200,rule_3,1
22885,rule_3,1
89243,rule_3,1
34566,rule_3,1
70112,rule_3,1
70727,rule_3,1
85043,rule_3,1
81269,rule_2,0
45179,rule_1,1
20660,rule_2,0
3090,rule_3,1
44388,rule_1,1
1997,rule_1,1
87174,rule_2,0
90350,rule_4,0
77356,rule_3,1
68368,rule_1,1
73806,rule_3,1
32356,rule_2,0
91648,rule_2,0
7490,rule_2,0
81164,rule_3,1
95096,rule_2,0
1300,rule_1,1
31316,rule_3,1
39042,rule_3,1
5500,rule_1,1
6448,rule_2,0
81150,rule_1,1
47895,rule_2,0
95905,rule_3,1
58447,rule_1,1
88151,rule_3,1
83401,rule_3,1
83522,rule_3,1
42920,rule_3,1
72604,rule_3,1
64149,rule_1,1
26906,rule_3,1
60140,rule_3,1
43618,rule_2,0
35710,rule_3,1
26328,rule_3,1
20046,rule_3,1
15117,rule_2,0
87969,rule_3,1
21210,rule_1,1
25740,rule_1,1
71217,rule_2,0
11550,rule_3,1
49550,rule_3,1
51659,rule_2,0
28413,rule_3,1
65604,rule_3,1
71092,rule_4,0
68547,rule_3,1
82644,rule_3,1
52345,rule_3,1
53786,rule_2,0
40097,rule_3,1
45255,rule_3,1
84634,rule_2,0
47915,rule_3,1
42318,rule_3,1
44265,rule_3,1
79184,rule_2,0
37012,rule_3,1
38800,rule_3,1
11398,rule_3,1
78684,rule_3,1
4583,rule_3,1
3229,rule_3,1
72904,rule_3,1
10682,rule_3,1
65680,rule_3,1
84432,rule_1,1
29814,rule_3,1
89354,rule_3,1
98488,rule_1,1
9345,rule_2,0
14142,rule_3,1
56118,rule_3,1
33981,rule_3,1
56208,rule_3,1
95972,rule_3,1
84270,rule_2,0
74798,rule_3,1
46855,rule_3,1
20086,rule_3,1
57205,rule_3,1
87348,rule_3,1
85704,rule_3,1
96165,rule_1,1
90778,rule_3,1
23601,rule_2,0
38763,rule_3,1
57987,rule_3,1
37041,rule_3,1
47692,rule_3,1
30700,rule_3,1
69905,rule_3,1
787,rule_3,1
11050,rule_3,1
63457,rule_3,1
18101,rule_2,0
98890,rule_3,1
15793,rule_3,1
12380,rule_4,0
7854,rule_2,0
154,rule_2,0
95392,rule_4,0
13017,rule_3,1
80410,rule_3,1
79796,rule_3,1
52058,rule_4,0
37395,rule_2,0
26871,rule_2,0
82917,rule_2,0
96766,rule_3,1
56399,rule_3,1
77005,rule_3,1
63753,rule_3,1
32364,rule_1,1
22635,rule_2,0
70191,rule_3,1
73592,rule_2,0
54676,rule_3,1
23890,rule_2,0
74463,rule_3,1
32925,rule_1,1
35854,rule_3,1
51273,rule_3,1
1553,rule_3,1
78930,rule_3,1
33325,rule_3,1
67685,rule_2,0
44756,rule_3,1
496,rule_3,1
79402,rule_3,1
57197,rule_1,1
90698,rule_3,1
32920,rule_3,1
99236,rule_3,1
96259,rule_1,1
65426,rule_3,1
98775,rule_3,1
66901,rule_3,1
83659,rule_3,1
19386,rule_1,1
61608,rule_1,1
91230,rule_2,0
51568,rule_2,0
23346,rule_3,1
53365,rule_3,1
29969,rule_1,1
15697,rule_2,0
19268,rule_1,1
3721,rule_3,1
39896,rule_3,1
75070,rule_3,1
26620,rule_3,1
17273,rule_3,1
19586,rule_3,1
70457,rule_4,0
4824,rule_3,1
31377,rule_2,0
15480,rule_1,1
32168,rule_3,1
82264,rule_3,1
61869,rule_3,1
4137,rule_2,0
19573,rule_2,0
86443,rule_3,1
51376,rule_2,0
45157,rule_1,1
27161,rule_4,0
67658,rule_3,1
72395,rule_3,1
993,rule_1,1
46042,rule_3,1
59839,rule_3,1
48640,rule_1,1
81686,rule_2,0
55740,rule_3,1
7383,rule_2,0
99524,rule_3,1
15631,rule_3,1
92173,rule_3,1
72903,rule_3,1
97557,rule_3,1
86655,rule_2,0
57474,rule_2,0
50618,rule_3,1
20978,rule_3,1
69102,rule_3,1
61248,rule_2,0
71377,rule_3,1
82204,rule_2,0
12862,rule_3,1
60943,rule_2,0
88096,rule_1,1
18985,rule_1,1
16076,rule_2,0
14272,rule_2,0
14131,rule_3,1
99603,rule_2,0
85999,rule_1,1
10314,rule_3,1
11361,rule_3,1
23761,rule_3,1
72636,rule_3,1
55422,rule_3,1
4322,rule_3,1
35930,rule_2,0
35399,rule_2,0
3175,rule_1,1
35334,rule_3,1
83124,rule_3,1
55566,rule_3,1
20029,rule_3,1
48129,rule_2,0
49769,rule_3,1
26503,rule_2,0
3115,rule_3,1
43602,rule_2,0
26656,rule_4,0
56634,rule_3,1
76291,rule_1,1
88647,rule_3,1
95196,rule_3,1
51881,rule_3,1
63657,rule_4,0
59471,rule_1,1
3226,rule_3,1
40861,rule_1,1
85712,rule_3,1
8998,rule_3,1
40545,rule_3,1
79738,rule_1,1
38107,rule_3,1
97054,rule_2,0
90679,rule_3,1
96007,rule_1,1
49700,rule_3,1
39887,rule_3,1
6938,rule_1,1
49179,rule_3,1
82988,rule_2,0
5530,rule_4,0
55831,rule_3,1
70935,rule_1,1
76897,rule_3,1
14381,rule_3,1
82822,rule_2,0
57234,rule_3,1
96805,rule_3,1
58566,rule_2,0
35898,rule_1,1
76277,rule_2,0
49590,rule_3,1
8321,rule_3,1
43881,rule_2,0
5270,rule_3,1
76428,rule_3,1
99850,rule_3,1
24701,rule_3,1
32770,rule_3,1
78864,rule_3,1
87246,rule_1,1
43460,rule_1,1
9197,rule_3,1
39726,rule_2,0
67692,rule_3,1
19783,rule_2,0
4012,rule_3,1
98686,rule_2,0
33303,rule_2,0
11963,rule_3,1
61305,rule_4,0
32017,rule_3,1
49738,rule_3,1
12353,rule_1,1
80860,rule_3,1
2896,rule_2,0
23066,rule_4,0
63144,rule_3,1
9270,rule_3,1
98527,rule_1,1
32635,rule_3,1
74220,rule_3,1
55515,rule_2,0
16563,rule_3,1
6465,rule_3,1
26533,rule_3,1
97071,rule_2,0
60893,rule_1,1
64385,rule_2,0
18301,rule_3,1
98522,rule_2,0
26082,rule_3,1
40876,rule_2,0
80441,rule_2,0
99382,rule_2,0
34679,rule_3,1
81464,rule_3,1
28611,rule_3,1
1302,rule_3,1
23992,rule_2,0
83054,rule_3,1
66767,rule_3,1
46041,rule_3,1
27095,rule_3,1
4369,rule_3,1
41082,rule_2,0
52983,rule_2,0
27026,rule_3,1
97178,rule_3,1
13855,rule_2,0
6081,rule_4,0
93742,rule_1,1
72105,rule_3,1
58867,rule_1,1
28061,rule_3,1
18558,rule_3,1
78283,rule_2,0
85526,rule_3,1
78813,rule_2,0
22814,rule_3,1
25187,rule_2,0
73532,rule_3,1
41911,rule_3,1
32575,rule_1,1
90195,rule_3,1
61383,rule_1,1
44463,rule_2,0
75136,rule_3,1
70168,rule_2,0
65777,rule_3,1
48822,rule_3,1
80961,rule_3,1
29512,rule_3,1
77734,rule_3,1
62875,rule_3,1
38872,rule_2,0
92692,rule_3,1
85120,rule_3,1
92851,rule_3,1
56755,rule_4,0
7466,rule_2,0
34636,rule_2,0
62895,rule_2,0
52117,rule_3,1
67357,rule_3,1
67947,rule_3,1
31602,rule_3,1
73780,rule_3,1
39406,rule_3,1
16577,rule_3,1
37334,rule_3,1
89863,rule_3,1
79466,rule_3,1
97671,rule_4,0
71928,rule_1,1
42819,rule_1,1
36548,rule_3,1
41786,rule_2,0
2810,rule_3,1
63262,rule_1,1
76982,rule_3,1
33687,rule_3,1
88722,rule_3,1
46033,rule_3,1
57770,rule_1,1
37053,rule_2,0
95295,rule_1,1
90283,rule_3,1
229,rule_2,0
71793,rule_2,0
13330,rule_3,1
77240,rule_2,0
74808,rule_2,0
94446,rule_3,1
71538,rule_3,1
4898,rule_2,0
5584,rule_3,1
28230,rule_2,0
28900,rule_2,0
85431,rule_3,1
33897,rule_1,1
94681,rule_3,1
10401,rule_2,0
43067,rule_3,1
34475,rule_3,1
23835,rule_1,1
68690,rule_3,1
75901,rule_3,1
11524,rule_2,0
216,rule_1,1
23489,rule_3,1
26951,rule_3,1
9825,rule_3,1
35694,rule_3,1
43259,rule_3,1
9638,rule_3,1
45213,rule_3,1
56598,rule_3,1
89814,rule_3,1
99963,rule_3,1
40278,rule_3,1
89963,rule_2,0
93543,rule_3,1
66986,rule_3,1
26313,rule_3,1
79336,rule_3,1
63081,rule_3,1
47923,rule_1,1
95322,rule_2,0
28308,rule_3,1
89157,rule_3,1
88389,rule_2,0
49113,rule_3,1
29671,rule_3,1
76369,rule_2,0
48518,rule_1,1
6055,rule_2,0
31876,rule_1,1
36994,rule_1,1
51703,rule_2,0
62288,rule_3,1
89361,rule_4,0
9131,rule_2,0
99333,rule_3,1
6450,rule_1,1
7952,rule_2,0
28133,rule_1,1
14627,rule_2,0
15805,rule_3,1
51797,rule_3,1
64605,rule_3,1
11358,rule_3,1
96103,rule_2,0
13669,rule_1,1
31106,rule_3,1
14646,rule_1,1
53640,rule_2,0
83982,rule_3,1
21030,rule_2,0
27389,rule_3,1
3776,rule_2,0
16375,rule_3,1
5597,rule_2,0
34759,rule_4,0
92662,rule_3,1
42066,rule_2,0
23650,rule_2,0
94381,rule_2,0
26958,rule_3,1
62700,rule_3,1
41506,rule_2,0
41985,rule_1,1
88845,rule_3,1
29425,rule_3,1
67444,rule_3,1
15582,rule_1,1
91392,rule_3,1
10144,rule_3,1
98731,rule_3,1
97284,rule_3,1
98290,rule_3,1
47663,rule_1,1
86718,rule_1,1
53635,rule_3,1
89864,rule_2,0
43255,rule_3,1
37426,rule_2,0
15387,rule_2,0
91718,rule_3,1
70991,rule_4,0
9266,rule_3,1
38738,rule_2,0
47767,rule_1,1
52092,rule_3,1
30481,rule_1,1
29087,rule_3,1
50493,rule_3,1
11517,rule_3,1
34160,rule_3,1
40206,rule_3,1
73844,rule_3,1
8803,rule_3,1
33140,rule_3,1
14560,rule_3,1
42544,rule_2,0
17797,rule_3,1
11696,rule_2,0
16767,rule_1,1
54971,rule_4,0
22505,rule_2,0
34981,rule_2,0
71140,rule_3,1
74418,rule_3,1
87925,rule_2,0
38186,rule_3,1
70475,rule_3,1
20009,rule_1,1
68695,rule_2,0
20652,rule_3,1
74695,rule_3,1
31974,rule_2,0
464,rule_3,1
50907,rule_1,1
66152,rule_2,0
71917,rule_3,1
20214,rule_3,1
61827,rule_3,1
44067,rule_3,1
73718,rule_1,1
83256,rule_3,1
16575,rule_2,0
2717,rule_2,0
91757,rule_3,1
15241,rule_1,1
70715,rule_3,1
52950,rule_1,1
52336,rule_3,1
42772,rule_3,1
22707,rule_3,1
94087,rule_3,1
91320,rule_2,0
21046,rule_3,1
23475,rule_3,1
6222,rule_3,1
93996,rule_3,1
13387,rule_3,1
72574,rule_3,1
81011,rule_3,1
44415,rule_2,0
48666,rule_3,1
76107,rule_4,0
15512,rule_2,0
64174,rule_1,1
93298,rule_3,1
55193,rule_4,0
95479,rule_3,1
63773,rule_2,0
71895,rule_1,1
96399,rule_3,1
65432,rule_3,1
61958,rule_1,1
72228,rule_3,1
10786,rule_4,0
81418,rule_1,1
33799,rule_3,1
28351,rule_3,1
1578,rule_2,0
88659,rule_3,1
81396,rule_3,1
75484,rule_2,0
36562,rule_2,0
20040,rule_2,0
54963,rule_3,1
20712,rule_3,1
87030,rule_3,1
83088,rule_3,1
96983,rule_3,1
31187,rule_3,1
5587,rule_3,1
56241,rule_4,0
14606,rule_2,0
1516,rule_3,1
60431,rule_3,1
68969,rule_3,1
51416,rule_4,0
20864,rule_2,0
4240,rule_3,1
19774,rule_1,1
894,rule_2,0
39868,rule_2,0
91963,rule_3,1
70611,rule_3,1
90437,rule_3,1
25792,rule_3,1
15188,rule_2,0
68470,rule_3,1
32331,rule_3,1
29266,rule_3,1
44131,rule_3,1
77507,rule_3,1
98994,rule_3,1
28023,rule_3,1
1130,rule_1,1
732,rule_2,0
76647,rule_2,0
3085,rule_2,0
72834,rule_3,1
45265,rule_3,1
2796,rule_3,1
25364,rule_2,0
7602,rule_2,0
799,rule_1,1
22617,rule_3,1
17119,rule_3,1
86007,rule_3,1
179,rule_3,1
65498,rule_3,1
44238,rule_3,1
61085,rule_3,1
17559,rule_1,1
65365,rule_3,1
13799,rule_3,1
59200,rule_3,1
42599,rule_3,1
17175,rule_1,1
32568,rule_3,1
27778,rule_3,1
32967,rule_3,1
24649,rule_4,0
61432,rule_2,0
56828,rule_3,1
16933,rule_3,1
12941,rule_2,0
58532,rule_2,0
49037,rule_2,0
89386,rule_3,1
11773,rule_2,0
38499,rule_2,0
59659,rule_3,1
70153,rule_2,0
80640,rule_3,1
7534,rule_3,1
45247,rule_3,1
67,rule_3,1
87135,rule_1,1
15690,rule_3,1
73325,rule_4,0
5034,rule_2,0
35341,rule_3,1
98132,rule_2,0
85762,rule_3,1
82543,rule_3,1
9874,rule_3,1
38991,rule_1,1
66324,rule_3,1
3333,rule_2,0
62533,rule_3,1
7988,rule_3,1
6009,rule_3,1
24163,rule_1,1
73871,rule_3,1
98616,rule_3,1
58756,rule_3,1
71834,rule_4,0
46217,rule_3,1
66728,rule_3,1
516,rule_3,1
30735,rule_1,1
49631,rule_3,1
30025,rule_2,0
59124,rule_1,1
92760,rule_3,1
86972,rule_3,1
23284,rule_3,1
47646,rule_2,0
66538,rule_3,1
80159,rule_3,1
84519,rule_3,1
83435,rule_2,0
6192,rule_3,1
14176,rule_2,0
71290,rule_4,0
40582,rule_3,1
81789,rule_1,1
90457,rule_3,1
81442,rule_1,1
1463,rule_1,1
47976,rule_2,0
24300,rule_3,1
83792,rule_3,1
37345,rule_1,1
42625,rule_3,1
27465,rule_1,1
71155,rule_2,0
7350,rule_1,1
53776,rule_2,0
56345,rule_3,1
70355,rule_1,1
63383,rule_2,0
46995,rule_3,1
65757,rule_3,1
91874,rule_1,1
30608,rule_1,1
12633,rule_2,0
85474,rule_3,1
93310,rule_3,1
4604,rule_1,1
61361,rule_3,1
51629,rule_3,1
22500,rule_3,1
50211,rule_2,0
63213,rule_3,1
39256,rule_3,1
72573,rule_3,1
59252,rule_3,1
45202,rule_4,0
71187,rule_2,0
83169,rule_3,1
1379,rule_3,1
5623,rule_3,1
29864,rule_3,1
2882,rule_3,1
83598,rule_3,1
87981,rule_1,1
902,rule_2,0
84518,rule_2,0
51449,rule_2,0
74025,rule_3,1
61498,rule_1,1
30233,rule_3,1
51138,rule_1,1
23465,rule_2,0
73756,rule_3,1
67164,rule_3,1
6773,rule_1,1
12022,rule_2,0
47205,rule_4,0
61076,rule_3,1
14679,rule_2,0
76977,rule_3,1
79437,rule_3,1
48941,rule_3,1
2160,rule_3,1
40026,rule_3,1
68117,rule_1,1
40735,rule_3,1
81721,rule_1,1
34925,rule_3,1
69877,rule_2,0
96014,rule_3,1
84308,rule_3,1
46512,rule_3,1
1074,rule_3,1
21639,rule_2,0
17066,rule_3,1
62767,rule_1,1
3160,rule_3,1
21293,rule_4,0
34651,rule_3,1
21399,rule_3,1
83861,rule_1,1
85217,rule_2,0
5975,rule_1,1
3730,rule_3,1
491,rule_4,0
22093,rule_4,0
1376,rule_2,0
49003,rule_3,1
31659,rule_3,1
60759,rule_3,1
17011,rule_2,0
4759,rule_1,1
30342,rule_3,1
10305,rule_3,1
71577,rule_3,1
28757,rule_1,1
2842,rule_3,1
51414,rule_3,1
42423,rule_3,1
63724,rule_3,1
2888,rule_3,1
60974,rule_4,0
8877,rule_3,1
20924,rule_3,1
45040,rule_2,0
88604,rule_4,0
14998,rule_2,0
22838,rule_2,0
41980,rule_3,1
83287,rule_1,1
81534,rule_3,1
45350,rule_3,1
19024,rule_3,1
83112,rule_1,1
71139,rule_3,1
13922,rule_3,1
5731,rule_3,1
14746,rule_3,1
56357,rule_3,1
70833,rule_2,0
52350,rule_3,1
45748,rule_2,0
13852,rule_2,0
2963,rule_3,1
83233,rule_3,1
90811,rule_3,1
28380,rule_1,1
20919,rule_3,1
55372,rule_3,1
44307,rule_3,1
56760,rule_2,0
61079,rule_3,1
6870,rule_3,1
43895,rule_2,0
21043,rule_3,1
45761,rule_4,0
43241,rule_1,1
9944,rule_2,0
75180,rule_1,1
80429,rule_1,1
29710,rule_3,1
39662,rule_1,1
39450,rule_3,1
38197,rule_3,1
9191,rule_3,1
21651,rule_3,1
69323,rule_3,1
39885,rule_2,0
49647,rule_2,0
70220,rule_1,1
42815,rule_3,1
69807,rule_2,0
85962,rule_3,1
84818,rule_3,1
98334,rule_2,0
94810,rule_1,1
45204,rule_3,1
48665,rule_3,1
40645,rule_2,0
68877,rule_2,0
92589,rule_3,1
84574,rule_3,1
32231,rule_1,1
79824,rule_1,1
67568,rule_3,1
21474,rule_2,0
62713,rule_3,1
82734,rule_3,1
7236,rule_3,1
59873,rule_2,0
78292,rule_2,0
80864,rule_3,1
30952,rule_3,1
55433,rule_3,1
86127,rule_3,1
46752,rule_4,0
1080,rule_1,1
18611,rule_3,1
50495,rule_3,1
28092,rule_3,1
27282,rule_3,1
50972,rule_3,1
59214,rule_3,1
65067,rule_3,1
52414,rule_3,1
38418,rule_3,1
27673,rule_3,1
26027,rule_3,1
79855,rule_3,1
14507,rule_3,1
68473,rule_2,0
69454,rule_2,0
30064,rule_3,1
58862,rule_1,1
26300,rule_2,0
33074,rule_3,1
36825,rule_2,0
52152,rule_1,1
9838,rule_3,1
50384,rule_3,1
75243,rule_3,1
35082,rule_3,1
91564,rule_2,0
14309,rule_3,1
44440,rule_3,1
19881,rule_1,1
53474,rule_3,1
41799,rule_2,0
67599,rule_1,1
6471,rule_1,1
82937,rule_3,1
65525,rule_3,1
56653,rule_2,0
72014,rule_3,1
53052,rule_3,1
52720,rule_3,1
60611,rule_4,0
38221,rule_1,1
11280,rule_1,1
57175,rule_1,1
29832,rule_3,1
82477,rule_2,0
42675,rule_3,1
99852,rule_3,1
37039,rule_2,0
8532,rule_3,1
43130,rule_1,1
20471,rule_2,0
88584,rule_1,1
9096,rule_3,1
85059,rule_3,1
76947,rule_4,0
82509,rule_3,1
36134,rule_3,1
5516,rule_3,1
11782,rule_3,1
73763,rule_3,1
80847,rule_3,1
90141,rule_1,1
62218,rule_3,1
93995,rule_3,1
71043,rule_3,1
26479,rule_3,1
51323,rule_2,0
925,rule_3,1
77607,rule_2,0
77243,rule_1,1
35893,rule_3,1
87594,rule_3,1
84695,rule_2,0
72096,rule_1,1
57609,rule_1,1
12721,rule_2,0
42615,rule_3,1
96605,rule_3,1
75164,rule_3,1
71335,rule_1,1
28558,rule_1,1
87903,rule_3,1
75319,rule_3,1
44117,rule_2,0
93369,rule_1,1
94360,rule_2,0
52249,rule_3,1
91562,rule_3,1
84102,rule_3,1
61823,rule_3,1
19628,rule_3,1
17858,rule_3,1
39517,rule_3,1
29794,rule_3,1
96229,rule_1,1
27844,rule_3,1
78546,rule_3,1
41851,rule_3,1
70212,rule_4,0
93744,rule_3,1
81503,rule_2,0
63852,rule_2,0
49057,rule_2,0
91322,rule_3,1
26348,rule_4,0
48850,rule_1,1
58503,rule_2,0
18691,rule_3,1
90386,rule_3,1
16556,rule_3,1
3957,rule_3,1
5607,rule_3,1
22196,rule_2,0
24847,rule_3,1
44149,rule_2,0
34494,rule_3,1
1185,rule_3,1
26141,rule_2,0
49557,rule_3,1
93930,rule_3,1
33673,rule_2,0
85415,rule_3,1
8347,rule_1,1
50014,rule_3,1
7798,rule_1,1
26124,rule_3,1
56549,rule_3,1
6090,rule_2,0
67617,rule_3,1
65450,rule_3,1
40697,rule_3,1
7934,rule_3,1
76383,rule_2,0
77714,rule_3,1
74853,rule_3,1
24595,rule_1,1
77464,rule_3,1
9928,rule_3,1
7212,rule_3,1
86598,rule_1,1
6534,rule_4,0
5210,rule_1,1
75610,rule_3,1
49594,rule_2,0
43391,rule_3,1
73985,rule_3,1
28927,rule_3,1
693,rule_1,1
39134,rule_3,1
96881,rule_3,1
7371,rule_1,1
34070,rule_3,1
73374,rule_3,1
36484,rule_1,1
81385,rule_3,1
64551,rule_1,1
24496,rule_3,1
28634,rule_3,1
5038,rule_3,1
52775,rule_3,1
79377,rule_3,1
86437,rule_3,1
30980,rule_3,1
7355,rule_3,1
16123,rule_3,1
74287,rule_3,1
11619,rule_1,1
27152,rule_3,1
66973,rule_2,0
508,rule_3,1
48786,rule_3,1
61817,rule_4,0
71467,rule_3,1
8948,rule_3,1
12243,rule_2,0
82840,rule_3,1
69923,rule_2,0
63966,rule_1,1
10311,rule_2,0
50436,rule_3,1
8922,rule_3,1
74230,rule_3,1
17028,rule_1,1
91025,rule_3,1
1540,rule_3,1
9122,rule_3,1
80821,rule_3,1
5868,rule_4,0
45876,rule_1,1
22491,rule_3,1
13030,rule_3,1
11570,rule_1,1
45437,rule_3,1
87536,rule_3,1
391,rule_2,0
83385,rule_3,1
29002,rule_2,0
17577,rule_2,0
31729,rule_2,0
28370,rule_2,0
42833,rule_1,1
56810,rule_3,1
55513,rule_3,1
11351,rule_3,1
61862,rule_2,0
25082,rule_2,0
41204,rule_3,1
64758,rule_3,1
72256,rule_1,1
15541,rule_3,1
27242,rule_3,1
14694,rule_1,1
947,rule_3,1
14328,rule_2,0
14415,rule_2,0
21165,rule_1,1
35933,rule_1,1
35316,rule_2,0
18158,rule_3,1
78544,rule_3,1
60355,rule_1,1
33041,rule_2,0
20828,rule_2,0
90910,rule_3,1
36387,rule_3,1
27406,rule_3,1
48292,rule_1,1
7009,rule_3,1
46547,rule_2,0
17305,rule_3,1
4634,rule_2,0
57657,rule_3,1
82667,rule_3,1
40476,rule_1,1
85490,rule_1,1
27053,rule_3,1
30134,rule_1,1
76299,rule_3,1
79482,rule_3,1
90478,rule_3,1
79879,rule_3,1
38368,rule_3,1
9291,rule_3,1
28932,rule_2,0
15990,rule_3,1
36406,rule_3,1
86134,rule_3,1
57725,rule_4,0
74329,rule_1,1
91405,rule_3,1
21200,rule_3,1
33368,rule_1,1
87461,rule_3,1
96369,rule_2,0
40875,rule_3,1
96919,rule_3,1
1894,rule_2,0
73370,rule_3,1
60740,rule_2,0
88423,rule_2,0
20747,rule_3,1
65912,rule_1,1
83887,rule_2,0
30772,rule_2,0
1467,rule_3,1
12616,rule_3,1
79080,rule_3,1
48995,rule_3,1
71233,rule_4,0
83164,rule_3,1
97704,rule_3,1
4838,rule_3,1
42432,rule_3,1
84578,rule_3,1
60198,rule_2,0
81419,rule_3,1
46122,rule_4,0
76442,rule_1,1
28622,rule_2,0
55735,rule_3,1
98496,rule_3,1
54479,rule_3,1
70412,rule_2,0
39347,rule_3,1
63015,rule_3,1
84720,rule_3,1
86227,rule_3,1
63928,rule_2,0
13332,rule_1,1
56397,rule_2,0
44951,rule_2,0
25626,rule_1,1
23155,rule_2,0
52976,rule_1,1
17242,rule_3,1
40746,rule_2,0
2036,rule_1,1
85960,rule_3,1
75987,rule_3,1
61270,rule_2,0
42933,rule_1,1
84079,rule_1,1
43060,rule_1,1
17884,rule_3,1
52665,rule_2,0
57515,rule_3,1
6829,rule_3,1
7131,rule_1,1
86006,rule_2,0
16627,rule_3,1
79527,rule_3,1
83565,rule_3,1
47316,rule_1,1
7372,rule_3,1
5595,rule_3,1
92869,rule_3,1
47292,rule_3,1
47235,rule_3,1
69281,rule_2,0
95386,rule_2,0
54384,rule_4,0
69640,rule_3,1
7494,rule_3,1
24705,rule_3,1
81007,rule_2,0
89525,rule_1,1
26682,rule_3,1
85887,rule_4,0
95513,rule_4,0
99748,rule_2,0
50734,rule_3,1
93716,rule_2,0
68112,rule_3,1
14390,rule_3,1
49053,rule_3,1
4043,rule_4,0
50520,rule_3,1
78390,rule_3,1
4079,rule_3,1
47015,rule_3,1
73291,rule_4,0
62048,rule_3,1
64428,rule_2,0
32468,rule_3,1
25217,rule_2,0
30792,rule_1,1
15961,rule_2,0
84699,rule_3,1
21317,rule_2,0
79789,rule_3,1
34754,rule_3,1
20246,rule_3,1
40543,rule_2,0
60825,rule_3,1
9727,rule_3,1
16710,rule_3,1
48925,rule_1,1
63109,rule_2,0
43299,rule_2,0
88315,rule_3,1
66472,rule_1,1
69591,rule_4,0
81846,rule_2,0
20956,rule_1,1
13667,rule_3,1
40223,rule_3,1
865,rule_3,1
67790,rule_3,1
22395,rule_3,1
56064,rule_2,0
23383,rule_1,1
82292,rule_3,1
36635,rule_1,1
43117,rule_3,1
33378,rule_2,0
37420,rule_3,1
97860,rule_1,1
30006,rule_3,1
25257,rule_1,1
81423,rule_2,0
85550,rule_3,1
79559,rule_3,1
84285,rule_3,1
56919,rule_3,1
72685,rule_4,0
58256,rule_2,0
78534,rule_2,0
85710,rule_3,1
34783,rule_2,0
61159,rule_1,1
71118,rule_1,1
60520,rule_3,1
76437,rule_3,1
5061,rule_3,1
9616,rule_3,1
53371,rule_4,0
73581,rule_2,0
57824,rule_3,1
17047,rule_3,1
73923,rule_3,1
80166,rule_3,1
7698,rule_1,1
61588,rule_2,0
28836,rule_1,1
27565,rule_1,1
68313,rule_2,0
53688,rule_2,0
76624,rule_1,1
43647,rule_3,1
99945,rule_3,1
7190,rule_2,0
79268,rule_3,1
5574,rule_3,1
6136,rule_3,1
20812,rule_2,0
10554,rule_3,1
5248,rule_3,1
21154,rule_3,1
69518,rule_2,0
59096,rule_3,1
89746,rule_3,1
30565,rule_2,0
11086,rule_3,1
19054,rule_3,1
93077,rule_1,1
16664,rule_3,1
67709,rule_3,1
32084,rule_2,0
31900,rule_3,1
27237,rule_1,1
14860,rule_3,1
41487,rule_3,1
7453,rule_3,1
5198,rule_2,0
62009,rule_3,1
26271,rule_2,0
83330,rule_3,1
13211,rule_2,0
63478,rule_3,1
48804,rule_3,1
81532,rule_3,1
28993,rule_1,1
86594,rule_2,0
72743,rule_2,0
86804,rule_4,0
22192,rule_1,1
69346,rule_2,0
90634,rule_4,0
45257,rule_3,1
51034,rule_3,1
21068,rule_3,1
56393,rule_2,0
5544,rule_3,1
54746,rule_1,1
48288,rule_3,1
43170,rule_3,1
96030,rule_2,0
29979,rule_4,0
59755,rule_3,1
86484,rule_4,0
94167,rule_3,1
17654,rule_3,1
29093,rule_3,1
51503,rule_2,0
58742,rule_3,1
34153,rule_4,0
33784,rule_3,1
33066,rule_3,1
8636,rule_1,1
70410,rule_3,1
64893,rule_2,0
62560,rule_3,1
56998,rule_3,1
79444,rule_3,1
67614,rule_3,1
15030,rule_2,0
48444,rule_3,1
14210,rule_3,1
29328,rule_2,0
89905,rule_3,1
3010,rule_3,1
84150,rule_3,1
15217,rule_2,0
84763,rule_2,0
2538,rule_2,0
49347,rule_3,1
81932,rule_2,0
40131,rule_1,1
73035,rule_3,1
46251,rule_1,1
41778,rule_3,1
85963,rule_3,1
39322,rule_1,1
10771,rule_3,1
48900,rule_3,1
21890,rule_3,1
88775,rule_1,1
55914,rule_3,1
21685,rule_1,1
321,rule_2,0
7136,rule_4,0
83292,rule_3,1
61387,rule_3,1
89313,rule_2,0
11985,rule_1,1
35423,rule_3,1
58252,rule_3,1
90418,rule_3,1
44911,rule_1,1
52551,rule_2,0
26628,rule_1,1
33655,rule_2,0
2177,rule_3,1
31832,rule_3,1
3179,rule_3,1
65781,rule_1,1
14759,rule_3,1
89390,rule_3,1
82064,rule_2,0
38752,rule_3,1
90072,rule_3,1
1162,rule_3,1
20667,rule_2,0
22338,rule_3,1
288,rule_3,1
26207,rule_3,1
46419,rule_2,0
54461,rule_3,1
10069,rule_2,0
76217,rule_1,1
77987,rule_3,1
66707,rule_1,1
4676,rule_3,1
75911,rule_3,1
46687,rule_3,1
53866,rule_3,1
39561,rule_3,1
44332,rule_1,1
60381,rule_4,0
26554,rule_1,1
94940,rule_1,1
23166,rule_1,1
59223,rule_1,1
25492,rule_3,1
28165,rule_3,1
83794,rule_3,1
3122,rule_3,1
41348,rule_1,1
83232,rule_1,1
63929,rule_3,1
88303,rule_2,0
13862,rule_3,1
79763,rule_3,1
57063,rule_3,1
45897,rule_3,1
66468,rule_1,1
692,rule_3,1
35350,rule_2,0
6365,rule_2,0
83830,rule_3,1
64141,rule_3,1
86487,rule_2,0
99314,rule_3,1
16429,rule_2,0
20324,rule_3,1
39877,rule_3,1
41744,rule_1,1
69856,rule_1,1
35734,rule_3,1
3970,rule_3,1
91300,rule_2,0
4927,rule_1,1
70470,rule_3,1
80153,rule_3,1
79508,rule_1,1
90397,rule_3,1
23863,rule_3,1
22693,rule_1,1
53312,rule_2,0
3093,rule_1,1
21098,rule_4,0
12749,rule_3,1
89875,rule_3,1
94081,rule_3,1
81327,rule_3,1
45284,rule_3,1
69519,rule_2,0
86211,rule_4,0
88861,rule_3,1
52348,rule_3,1
66631,rule_3,1
22928,rule_1,1
93847,rule_3,1
15973,rule_3,1
91997,rule_3,1
68380,rule_3,1
52004,rule_3,1
49242,rule_3,1
38725,rule_3,1
25096,rule_2,0
60373,rule_3,1
83748,rule_4,0
20856,rule_2,0
94770,rule_3,1
61693,rule_2,0
46143,rule_3,1
65553,rule_1,1
28203,rule_2,0
16525,rule_1,1
18444,rule_3,1
23528,rule_3,1
86591,rule_2,0
12206,rule_2,0
31423,rule_3,1
32007,rule_3,1
79944,rule_3,1
32767,rule_3,1
4687,rule_4,0
4923,rule_2,0
39554,rule_3,1
5878,rule_2,0
64487,rule_3,1
42317,rule_2,0
32444,rule_2,0
16460,rule_1,1
22832,rule_2,0
41199,rule_3,1
25007,rule_3,1
70123,rule_1,1
79212,rule_3,1
47366,rule_2,0
39568,rule_3,1
94636,rule_2,0
73915,rule_1,1
61923,rule_1,1
50706,rule_1,1
55027,rule_3,1
24817,rule_3,1
90896,rule_2,0
60411,rule_1,1
25554,rule_3,1
45866,rule_3,1
47225,rule_3,1
47948,rule_1,1
39170,rule_1,1
5696,rule_3,1
68478,rule_3,1
85713,rule_3,1
94956,rule_2,0
86701,rule_3,1
40150,rule_3,1
72085,rule_3,1
50773,rule_2,0
38347,rule_3,1
75875,rule_3,1
92208,rule_3,1
8308,rule_3,1
77155,rule_1,1
25934,rule_1,1
92073,rule_1,1
6783,rule_3,1
95127,rule_1,1
97446,rule_3,1
91129,rule_3,1
85482,rule_3,1
66254,rule_3,1
1610,rule_2,0
85017,rule_3,1
89336,rule_3,1
31981,rule_2,0
34786,rule_3,1
35740,rule_2,0
63769,rule_3,1
77854,rule_2,0
46807,rule_3,1
46336,rule_3,1
35700,rule_3,1
97820,rule_3,1
85167,rule_3,1
16509,rule_3,1
50259,rule_1,1
78538,rule_3,1
1815,rule_1,1
25417,rule_3,1
80123,rule_3,1
62994,rule_4,0
90711,rule_2,0
2124,rule_2,0
56636,rule_3,1
13705,rule_3,1
54787,rule_1,1
31722,rule_1,1
97096,rule_3,1
84727,rule_2,0
14192,rule_1,1
84118,rule_1,1
20436,rule_3,1
83137,rule_3,1
40470,rule_3,1
93475,rule_3,1
43462,rule_2,0
49878,rule_1,1
59808,rule_2,0
49029,rule_3,1
41939,rule_1,1
33577,rule_1,1
94667,rule_3,1
58820,rule_3,1
21439,rule_3,1
79236,rule_3,1
40032,rule_4,0
70443,rule_3,1
3723,rule_3,1
78271,rule_1,1
96915,rule_1,1
68208,rule_3,1
58580,rule_3,1
9418,rule_2,0
4553,rule_2,0
71546,rule_3,1
50600,rule_1,1
93967,rule_3,1
19602,rule_3,1
41248,rule_3,1
83974,rule_1,1
93079,rule_3,1
3165,rule_1,1
52228,rule_3,1
39532,rule_3,1
1658,rule_1,1
57222,rule_1,1
10590,rule_1,1
57797,rule_3,1
19095,rule_3,1
55469,rule_3,1
40318,rule_3,1
37035,rule_3,1
88636,rule_1,1
16807,rule_3,1
92893,rule_3,1
81781,rule_4,0
38085,rule_3,1
58002,rule_2,0
27878,rule_3,1
75210,rule_1,1
19230,rule_3,1
53219,rule_2,0
33770,rule_4,0
36967,rule_3,1
35187,rule_3,1
58220,rule_2,0
36344,rule_2,0
55879,rule_3,1
53000,rule_1,1
50114,rule_2,0
75309,rule_3,1
3559,rule_2,0
94659,rule_3,1
59551,rule_3,1
45227,rule_3,1
69391,rule_3,1
70424,rule_3,1
28808,rule_3,1
13599,rule_3,1
5314,rule_3,1
91420,rule_3,1
13700,rule_1,1
62654,rule_3,1
4828,rule_3,1
46800,rule_1,1
57531,rule_3,1
69444,rule_4,0
47102,rule_1,1
29135,rule_3,1
39792,rule_3,1
76174,rule_3,1
9344,rule_2,0
47930,rule_3,1
61382,rule_3,1
37664,rule_3,1
37953,rule_3,1
50226,rule_3,1
61585,rule_1,1
22909,rule_2,0
62781,rule_2,0
47000,rule_2,0
18280,rule_3,1
10284,rule_3,1
40864,rule_4,0
75427,rule_3,1
18020,rule_2,0
18324,rule_3,1
92051,rule_3,1
51619,rule_4,0
89425,rule_1,1
27043,rule_3,1
17388,rule_3,1
15087,rule_3,1
24043,rule_1,1
53823,rule_3,1
12307,rule_2,0
7567,rule_3,1
29228,rule_3,1
14720,rule_1,1
60295,rule_1,1
58830,rule_3,1
99049,rule_3,1
5369,rule_2,0
75140,rule_3,1
88210,rule_3,1
29426,rule_3,1
30144,rule_1,1
68155,rule_2,0
70022,rule_3,1
11796,rule_3,1
17370,rule_2,0
44037,rule_2,0
24367,rule_3,1
22554,rule_3,1
72921,rule_3,1
95565,rule_3,1
13270,rule_3,1
94214,rule_3,1
9276,rule_3,1
9461,rule_3,1
2463,rule_2,0
75505,rule_2,0
49421,rule_1,1
52733,rule_3,1
96546,rule_3,1
49224,rule_1,1
42223,rule_3,1
72046,rule_1,1
61603,rule_1,1
98715,rule_2,0
66126,rule_3,1
78673,rule_3,1
8849,rule_3,1
59994,rule_3,1
85679,rule_3,1
39614,rule_4,0
47112,rule_4,0
62672,rule_3,1
83949,rule_4,0
43619,rule_3,1
74961,rule_3,1
5455,rule_2,0
94937,rule_3,1
34218,rule_4,0
72374,rule_1,1
48618,rule_3,1
29433,rule_3,1
85825,rule_3,1
18817,rule_2,0
75887,rule_4,0
98511,rule_2,0
86568,rule_1,1
54711,rule_3,1
1588,rule_3,1
39455,rule_3,1
65007,rule_2,0
83640,rule_3,1
88021,rule_3,1
31418,rule_3,1
41575,rule_3,1
69498,rule_2,0
62902,rule_3,1
29632,rule_3,1
6079,rule_1,1
50043,rule_2,0
10957,rule_1,1
34394,rule_1,1
4007,rule_3,1
39020,rule_4,0
18396,rule_3,1
5899,rule_2,0
2867,rule_4,0
14012,rule_2,0
96575,rule_3,1
30267,rule_2,0
16969,rule_4,0
76997,rule_2,0
20317,rule_3,1
34029,rule_2,0
20923,rule_3,1
34485,rule_2,0
60653,rule_4,0
55162,rule_2,0
86208,rule_2,0
70205,rule_1,1
4299,rule_3,1
55799,rule_4,0
3784,rule_1,1
33777,rule_2,0
7348,rule_2,0
53593,rule_2,0
10378,rule_1,1
56562,rule_3,1
96634,rule_2,0
57536,rule_2,0
75415,rule_3,1
45928,rule_1,1
68310,rule_3,1
13027,rule_3,1
78485,rule_2,0
25106,rule_2,0
1988,rule_3,1
99263,rule_2,0
56684,rule_3,1
35441,rule_2,0
16261,rule_3,1
60282,rule_1,1
25465,rule_2,0
74712,rule_2,0
31509,rule_1,1
23577,rule_3,1
25902,rule_1,1
54196,rule_3,1
19310,rule_1,1
65786,rule_3,1
40954,rule_3,1
93327,rule_3,1
51494,rule_1,1
45940,rule_2,0
93665,rule_3,1
34813,rule_2,0
6590,rule_1,1
13781,rule_3,1
77526,rule_3,1
66164,rule_2,0
95140,rule_3,1
29524,rule_3,1
28821,rule_4,0
23930,rule_1,1
96899,rule_3,1
4766,rule_3,1
26178,rule_3,1
6512,rule_1,1
67767,rule_1,1
20567,rule_1,1
77964,rule_3,1
95896,rule_3,1
18783,rule_3,1
6306,rule_1,1
79535,rule_2,0
15642,rule_3,1
32300,rule_3,1
95947,rule_4,0
12393,rule_2,0
61900,rule_3,1
83107,rule_3,1
49423,rule_3,1
10704,rule_3,1
99660,rule_3,1
87235,rule_3,1
69784,rule_3,1
8003,rule_3,1
31955,rule_3,1
44042,rule_3,1
75034,rule_3,1
50249,rule_3,1
76778,rule_3,1
31350,rule_1,1
55806,rule_3,1
93080,rule_3,1
66810,rule_3,1
5699,rule_3,1
76525,rule_4,0
88536,rule_3,1
3359,rule_3,1
82104,rule_2,0
99495,rule_3,1
61577,rule_3,1
44524,rule_3,1
20390,rule_3,1
48004,rule_3,1
48848,rule_3,1
4568,rule_2,0
13256,rule_1,1
55756,rule_2,0
76385,rule_3,1
32552,rule_4,0
12498,rule_3,1
1962,rule_1,1
4993,rule_3,1
70428,rule_3,1
79867,rule_3,1
89960,rule_3,1
55022,rule_3,1
25955,rule_1,1
87226,rule_3,1
71763,rule_3,1
27324,rule_3,1
38135,rule_4,0
35945,rule_3,1
68896,rule_3,1
56890,rule_2,0
308,rule_1,1
51258,rule_2,0
98198,rule_3,1
96085,rule_1,1
56564,rule_3,1
78117,rule_2,0
98636,rule_3,1
75302,rule_1,1
1052,rule_3,1
98329,rule_3,1
80056,rule_3,1
11411,rule_2,0
9222,rule_1,1
57617,rule_1,1
10235,rule_3,1
41831,rule_1,1
34643,rule_3,1
91199,rule_3,1
58818,rule_3,1
23667,rule_1,1
93333,rule_2,0
58161,rule_1,1
96706,rule_3,1
92299,rule_3,1
13683,rule_2,0
86243,rule_4,0
25833,rule_3,1
70454,rule_3,1
90611,rule_3,1
65728,rule_2,0
25069,rule_3,1
90021,rule_3,1
13234,rule_2,0
45398,rule_2,0
75320,rule_2,0
28055,rule_3,1
57768,rule_1,1
69461,rule_2,0
75477,rule_3,1
22801,rule_2,0
60007,rule_3,1
28811,rule_2,0
58227,rule_1,1
16062,rule_3,1
52266,rule_3,1
91457,rule_3,1
29964,rule_3,1
15550,rule_1,1
18075,rule_3,1
57416,rule_3,1
93064,rule_2,0
54201,rule_3,1
78841,rule_3,1
95174,rule_2,0
19693,rule_2,0
83425,rule_2,0
63628,rule_3,1
36640,rule_3,1
91401,rule_3,1
69328,rule_3,1
13410,rule_3,1
46923,rule_3,1
35555,rule_3,1
74796,rule_3,1
95567,rule_2,0
34486,rule_1,1
35465,rule_3,1
31028,rule_3,1
67385,rule_2,0
53665,rule_3,1
43392,rule_3,1
94839,rule_3,1
78389,rule_3,1
31924,rule_3,1
82063,rule_4,0
72308,rule_1,1
93096,rule_2,0
79415,rule_3,1
50800,rule_3,1
47765,rule_2,0
64094,rule_2,0
30677,rule_3,1
44370,rule_2,0
33886,rule_3,1
34525,rule_3,1
49650,rule_3,1
39520,rule_3,1
94221,rule_3,1
66407,rule_3,1
52510,rule_3,1
74641,rule_3,1
56831,rule_2,0
76534,rule_2,0
93186,rule_3,1
82807,rule_2,0
52496,rule_2,0
18109,rule_3,1
71129,rule_3,1
91633,rule_4,0
90023,rule_3,1
98328,rule_3,1
76475,rule_3,1
66671,rule_3,1
77274,rule_2,0
91912,rule_2,0
98679,rule_3,1
77486,rule_3,1
86125,rule_3,1
71387,rule_3,1
68666,rule_2,0
16280,rule_3,1
51149,rule_2,0
69505,rule_3,1
45537,rule_3,1
97176,rule_3,1
42934,rule_2,0
337,rule_3,1
92877,rule_3,1
18932,rule_2,0
97869,rule_2,0
73649,rule_3,1
2986,rule_1,1
10879,rule_3,1
15917,rule_3,1
53773,rule_3,1
11670,rule_3,1
20863,rule_2,0
19943,rule_2,0
46676,rule_3,1
76538,rule_3,1
29438,rule_3,1
96219,rule_2,0
63401,rule_3,1
19801,rule_3,1
57022,rule_2,0
12101,rule_3,1
49501,rule_3,1
9019,rule_4,0
72780,rule_1,1
49851,rule_3,1
14080,rule_3,1
86403,rule_3,1
98577,rule_3,1
11875,rule_3,1
91680,rule_2,0
25806,rule_3,1
63294,rule_3,1
8264,rule_1,1
84215,rule_1,1
72392,rule_3,1
63910,rule_3,1
8598,rule_4,0
6902,rule_3,1
29933,rule_1,1
50819,rule_3,1
89500,rule_3,1
54723,rule_2,0
75486,rule_4,0
81973,rule_2,0
66982,rule_2,0
3263,rule_1,1
80358,rule_3,1
67232,rule_3,1
48921,rule_3,1
46152,rule_4,0
83495,rule_3,1
88060,rule_3,1
20790,rule_3,1
1631,rule_3,1
33038,rule_3,1
1882,rule_3,1
80060,rule_2,0
13901,rule_3,1
37843,rule_3,1
71046,rule_2,0
66789,rule_1,1
67569,rule_1,1
93037,rule_3,1
34701,rule_3,1
35304,rule_3,1
32955,rule_3,1
44740,rule_3,1
59175,rule_2,0
71095,rule_3,1
11152,rule_3,1
23570,rule_3,1
20528,rule_2,0
98677,rule_2,0
62791,rule_2,0
6588,rule_1,1
17619,rule_4,0
36684,rule_2,0
65983,rule_1,1
80073,rule_2,0
14032,rule_3,1
49997,rule_3,1
54354,rule_3,1
28379,rule_3,1
64730,rule_3,1
31380,rule_3,1
86056,rule_3,1
43857,rule_3,1
86695,rule_3,1
58871,rule_2,0
38863,rule_2,0
9487,rule_3,1
87439,rule_3,1
97348,rule_1,1
45992,rule_3,1
54220,rule_1,1
28019,rule_3,1
33456,rule_3,1
70745,rule_3,1
97261,rule_4,0
41186,rule_2,0
10346,rule_4,0
30135,rule_3,1
73194,rule_3,1
25567,rule_4,0
99376,rule_3,1
85239,rule_1,1
19521,rule_3,1
38231,rule_2,0
46526,rule_1,1
79676,rule_2,0
85104,rule_4,0
23907,rule_4,0
59288,rule_3,1
22766,rule_1,1
19584,rule_3,1
66984,rule_3,1
34058,rule_2,0
45542,rule_3,1
99415,rule_3,1
10693,rule_4,0
23742,rule_4,0
10336,rule_3,1
99446,rule_3,1
45067,rule_3,1
89463,rule_3,1
44674,rule_3,1
47894,rule_2,0
15831,rule_2,0
15736,rule_3,1
77695,rule_3,1
18264,rule_1,1
18815,rule_2,0
12454,rule_3,1
38226,rule_3,1
95845,rule_3,1
60932,rule_3,1
11350,rule_3,1
44826,rule_3,1
4132,rule_3,1
16352,rule_3,1
82957,rule_3,1
57981,rule_3,1
15409,rule_3,1
82570,rule_3,1
42044,rule_2,0
55864,rule_3,1
46173,rule_1,1
25480,rule_3,1
90222,rule_4,0
61800,rule_1,1
75832,rule_3,1
37100,rule_3,1
54568,rule_1,1
90696,rule_3,1
79656,rule_2,0
26617,rule_1,1
65150,rule_3,1
57125,rule_2,0
96468,rule_3,1
97273,rule_3,1
45620,rule_2,0
2776,rule_3,1
32102,rule_2,0
69682,rule_3,1
92436,rule_2,0
25339,rule_2,0
35180,rule_3,1
83015,rule_1,1
87986,rule_2,0
48226,rule_1,1
34315,rule_3,1
87955,rule_3,1
91037,rule_3,1
99554,rule_3,1
72490,rule_2,0
35904,rule_1,1
78769,rule_2,0
5751,rule_3,1
14716,rule_3,1
55572,rule_2,0
31086,rule_1,1
69342,rule_1,1
9077,rule_3,1
27231,rule_3,1
33999,rule_3,1
56584,rule_1,1
15161,rule_3,1
52447,rule_2,0
46831,rule_3,1
82385,rule_2,0
42789,rule_2,0
94387,rule_3,1
64419,rule_2,0
29769,rule_3,1
3328,rule_2,0
88152,rule_3,1
59547,rule_2,0
54200,rule_3,1
66799,rule_2,0
91067,rule_1,1
89133,rule_3,1
82896,rule_3,1
84487,rule_2,0
22251,rule_3,1
78654,rule_1,1
25518,rule_3,1
46224,rule_2,0
39351,rule_2,0
51540,rule_2,0
21120,rule_3,1
5022,rule_2,0
89050,rule_3,1
23560,rule_3,1
14996,rule_3,1
76950,rule_3,1
22440,rule_3,1
98865,rule_3,1
95872,rule_1,1
53028,rule_2,0
19174,rule_3,1
91057,rule_3,1
25381,rule_1,1
19405,rule_3,1
5214,rule_3,1
57434,rule_1,1
3256,rule_3,1
68227,rule_3,1
56542,rule_4,0
4628,rule_3,1
96416,rule_2,0
34088,rule_4,0
96581,rule_3,1
72763,rule_3,1
74103,rule_4,0
12193,rule_3,1
83056,rule_1,1
4530,rule_2,0
44436,rule_1,1
86670,rule_3,1
59822,rule_2,0
23471,rule_4,0
61170,rule_3,1
9942,rule_3,1
61846,rule_2,0
94994,rule_2,0
18063,rule_3,1
39105,rule_2,0
72519,rule_3,1
64576,rule_3,1
75603,rule_1,1
918,rule_1,1
84426,rule_3,1
29878,rule_2,0
78825,rule_1,1
19289,rule_3,1
571,rule_3,1
36183,rule_3,1
91052,rule_3,1
47575,rule_3,1
72568,rule_2,0
63186,rule_3,1
46647,rule_3,1
19611,rule_1,1
52114,rule_1,1
95670,rule_4,0
94091,rule_2,0
53536,rule_3,1
14027,rule_3,1
25614,rule_3,1
79769,rule_3,1
89766,rule_2,0
52692,rule_2,0
67754,rule_3,1
5233,rule_4,0
14212,rule_3,1
30258,rule_3,1
35596,rule_1,1
22165,rule_3,1
70533,rule_3,1
68799,rule_2,0
72375,rule_4,0
5742,rule_2,0
33419,rule_3,1
87960,rule_4,0
11095,rule_3,1
84179,rule_3,1
56985,rule_2,0
39851,rule_3,1
33341,rule_2,0
36290,rule_1,1
10923,rule_3,1
96520,rule_1,1
70015,rule_3,1
71197,rule_1,1
75325,rule_3,1
76313,rule_3,1
93309,rule_3,1
86725,rule_2,0
46288,rule_2,0
95022,rule_2,0
23994,rule_3,1
83179,rule_1,1
36608,rule_3,1
65207,rule_3,1
17376,rule_3,1
52657,rule_3,1
33688,rule_1,1
43470,rule_3,1
32934,rule_2,0
6645,rule_3,1
62768,rule_1,1
94716,rule_2,0
14335,rule_3,1
79819,rule_3,1
25526,rule_3,1
70131,rule_4,0
61115,rule_3,1
76235,rule_2,0
35619,rule_3,1
63345,rule_3,1
84749,rule_4,0
60816,rule_2,0
28303,rule_3,1
46755,rule_1,1
99134,rule_1,1
37229,rule_3,1
50627,rule_2,0
92618,rule_3,1
14909,rule_4,0
74843,rule_3,1
64287,rule_3,1
33725,rule_2,0
41259,rule_2,0
75404,rule_2,0
93460,rule_3,1
35504,rule_2,0
38438,rule_3,1
86909,rule_2,0
50358,rule_3,1
67915,rule_1,1
81160,rule_1,1
28902,rule_3,1
12392,rule_2,0
78279,rule_3,1
90013,rule_2,0
16104,rule_3,1
95037,rule_3,1
65902,rule_3,1
2104,rule_3,1
85680,rule_1,1
33458,rule_1,1
35960,rule_3,1
19260,rule_3,1
71247,rule_4,0
81571,rule_3,1
25184,rule_3,1
20885,rule_3,1
80765,rule_3,1
66630,rule_3,1
99809,rule_3,1
90881,rule_3,1
29064,rule_2,0
15900,rule_3,1
16545,rule_3,1
204,rule_3,1
22868,rule_1,1
20325,rule_3,1
97263,rule_2,0
99831,rule_3,1
37702,rule_3,1
75543,rule_2,0
24032,rule_1,1
43396,rule_3,1
52199,rule_3,1
73494,rule_3,1
27527,rule_4,0
66459,rule_1,1
65134,rule_2,0
44949,rule_3,1
37020,rule_3,1
88032,rule_2,0
47789,rule_3,1
31710,rule_1,1
78977,rule_1,1
22589,rule_3,1
93406,rule_3,1
12227,rule_3,1
51878,rule_3,1
53443,rule_2,0
76281,rule_1,1
28454,rule_3,1
16768,rule_3,1
31456,rule_4,0
7486,rule_2,0
4887,rule_2,0
49523,rule_3,1
72076,rule_3,1
60594,rule_1,1
84482,rule_2,0
52954,rule_3,1
27217,rule_1,1
21840,rule_3,1
43308,rule_3,1
41610,rule_3,1
6860,rule_1,1
76510,rule_2,0
67166,rule_2,0
10626,rule_2,0
33723,rule_3,1
40173,rule_4,0
64552,rule_3,1
38713,rule_3,1
95913,rule_3,1
17000,rule_3,1
60936,rule_4,0
51728,rule_3,1
32822,rule_3,1
39179,rule_2,0
59050,rule_3,1
84812,rule_3,1
56234,rule_3,1
99017,rule_3,1
87797,rule_3,1
44517,rule_4,0
66026,rule_3,1
45914,rule_3,1
81472,rule_1,1
76675,rule_3,1
17375,rule_3,1
76503,rule_2,0
97017,rule_4,0
77242,rule_3,1
35741,rule_3,1
34694,rule_3,1
35711,rule_1,1
35932,rule_3,1
86599,rule_3,1
19997,rule_2,0
41004,rule_3,1
89792,rule_2,0
63973,rule_1,1
44387,rule_3,1
20177,rule_3,1
77300,rule_3,1
11578,rule_3,1
58848,rule_1,1
59198,rule_3,1
32173,rule_3,1
68976,rule_3,1
34661,rule_3,1
16634,rule_1,1
64713,rule_3,1
21640,rule_1,1
99943,rule_3,1
54320,rule_4,0
78543,rule_2,0
44536,rule_3,1
55613,rule_2,0
17890,rule_2,0
89212,rule_3,1
671,rule_1,1
14684,rule_3,1
48009,rule_2,0
47665,rule_2,0
42240,rule_3,1
9278,rule_2,0
33666,rule_2,0
68843,rule_1,1
95179,rule_3,1
8027,rule_3,1
93306,rule_2,0
2891,rule_2,0
87924,rule_3,1
24124,rule_3,1
96709,rule_3,1
27198,rule_3,1
79931,rule_3,1
95672,rule_2,0
22336,rule_1,1
73934,rule_2,0
79699,rule_3,1
26947,rule_2,0
91882,rule_2,0
33403,rule_2,0
45277,rule_3,1
88000,rule_3,1
49684,rule_1,1
2383,rule_3,1
90102,rule_3,1
98271,rule_2,0
6477,rule_3,1
47938,rule_3,1
36946,rule_3,1
37549,rule_4,0
76849,rule_3,1
11065,rule_3,1
25308,rule_3,1
76068,rule_3,1
38760,rule_3,1
55481,rule_3,1
92911,rule_3,1
2764,rule_3,1
51718,rule_3,1
2582,rule_3,1
77536,rule_1,1
41154,rule_3,1
51760,rule_3,1
43443,rule_3,1
23186,rule_3,1
42216,rule_3,1
34873,rule_3,1
37406,rule_1,1
96325,rule_3,1
69301,rule_3,1
4235,rule_3,1
4995,rule_3,1
94637,rule_3,1
49811,rule_1,1
4435,rule_3,1
11677,rule_2,0
718,rule_2,0
72310,rule_3,1
43955,rule_3,1
97979,rule_1,1
76275,rule_3,1
27049,rule_2,0
14672,rule_3,1
33273,rule_3,1
59192,rule_3,1
51832,rule_3,1
42057,rule_3,1
9360,rule_3,1
30076,rule_3,1
47898,rule_2,0
10656,rule_1,1
30699,rule_3,1
36469,rule_2,0
40143,rule_1,1
32131,rule_3,1
50941,rule_2,0
65049,rule_3,1
39083,rule_3,1
12817,rule_3,1
36414,rule_3,1
193,rule_3,1
90933,rule_2,0
30010,rule_3,1
99047,rule_4,0
15811,rule_2,0
61745,rule_1,1
58693,rule_1,1
61511,rule_3,1
71697,rule_2,0
84608,rule_2,0
37159,rule_1,1
76701,rule_2,0
93501,rule_3,1
70464,rule_3,1
28917,rule_3,1
71089,rule_2,0
10800,rule_1,1
97014,rule_3,1
65775,rule_2,0
12208,rule_1,1
99094,rule_2,0
43938,rule_3,1
95374,rule_3,1
56054,rule_3,1
5619,rule_1,1
30050,rule_2,0
91058,rule_3,1
8641,rule_1,1
80202,rule_3,1
49171,rule_2,0
36321,rule_1,1
84926,rule_2,0
85281,rule_1,1
15535,rule_3,1
8329,rule_3,1
43371,rule_4,0
54936,rule_1,1
3454,rule_3,1
44943,rule_1,1
47222,rule_3,1
49299,rule_3,1
47862,rule_2,0
69167,rule_1,1
92366,rule_4,0
46314,rule_3,1
29346,rule_3,1
43940,rule_2,0
90227,rule_4,0
21114,rule_3,1
89038,rule_2,0
41459,rule_3,1
72618,rule_3,1
30955,rule_3,1
70270,rule_3,1
99983,rule_2,0
78582,rule_2,0
70294,rule_3,1
13918,rule_3,1
44050,rule_3,1
14956,rule_3,1
41606,rule_3,1
86466,rule_2,0
98875,rule_1,1
5521,rule_3,1
54317,rule_2,0
61935,rule_2,0
32116,rule_3,1
44590,rule_3,1
23200,rule_3,1
93783,rule_2,0
1701,rule_3,1
93423,rule_1,1
59849,rule_2,0
51926,rule_4,0
27519,rule_1,1
6969,rule_3,1
16323,rule_3,1
90064,rule_1,1
95953,rule_2,0
32855,rule_1,1
92421,rule_2,0
92790,rule_3,1
66198,rule_3,1
56359,rule_2,0
84515,rule_3,1
96344,rule_1,1
17414,rule_3,1
137,rule_3,1
23409,rule_1,1
30817,rule_3,1
11088,rule_3,1
84775,rule_2,0
61754,rule_3,1
81258,rule_3,1
66737,rule_1,1
62062,rule_3,1
91684,rule_3,1
48517,rule_2,0
96837,rule_3,1
71833,rule_1,1
69464,rule_3,1
14388,rule_3,1
26490,rule_2,0
32829,rule_1,1
57621,rule_2,0
3607,rule_2,0
21226,rule_3,1
92472,rule_3,1
35099,rule_3,1
77244,rule_3,1
2188,rule_3,1
12357,rule_3,1
82723,rule_1,1
15955,rule_3,1
63060,rule_4,0
47407,rule_1,1
35437,rule_3,1
64451,rule_3,1
97419,rule_3,1
49394,rule_3,1
18453,rule_3,1
35530,rule_3,1
25501,rule_1,1
5104,rule_3,1
13653,rule_2,0
31782,rule_3,1
67174,rule_2,0
56705,rule_3,1
76710,rule_3,1
13262,rule_3,1
35843,rule_3,1
25399,rule_3,1
7297,rule_1,1
68815,rule_3,1
31708,rule_1,1
73540,rule_2,0
92248,rule_3,1
29494,rule_3,1
54123,rule_3,1
41095,rule_2,0
28928,rule_2,0
88836,rule_3,1
79053,rule_3,1
7353,rule_3,1
46219,rule_1,1
10752,rule_2,0
81983,rule_3,1
24418,rule_3,1
73234,rule_1,1
47196,rule_3,1
91471,rule_2,0
5669,rule_3,1
38507,rule_3,1
93810,rule_3,1
43428,rule_1,1
49832,rule_3,1
83962,rule_3,1
70844,rule_3,1
63611,rule_2,0
4459,rule_1,1
20026,rule_3,1
85179,rule_1,1
12856,rule_3,1
18258,rule_3,1
86665,rule_3,1
92709,rule_1,1
91830,rule_1,1
19297,rule_1,1
43804,rule_3,1
85948,rule_2,0
82215,rule_3,1
8025,rule_3,1
24171,rule_3,1
29062,rule_1,1
43517,rule_1,1
89161,rule_1,1
23249,rule_2,0
82410,rule_2,0
90606,rule_2,0
33459,rule_2,0
82523,rule_1,1
10104,rule_3,1
1015,rule_3,1
870,rule_2,0
76163,rule_2,0
14925,rule_3,1
43327,rule_2,0
7611,rule_3,1
5284,rule_1,1
69907,rule_3,1
60031,rule_2,0
26150,rule_3,1
66898,rule_3,1
91786,rule_3,1
58672,rule_3,1
34398,rule_3,1
12626,rule_3,1
67088,rule_3,1
86347,rule_3,1
99980,rule_2,0
50490,rule_1,1
53054,rule_3,1
27587,rule_3,1
73789,rule_2,0
10443,rule_3,1
96171,rule_3,1
5040,rule_1,1
21870,rule_3,1
88057,rule_3,1
60129,rule_3,1
54319,rule_1,1
62944,rule_3,1
1135,rule_3,1
43765,rule_3,1
90481,rule_3,1
10279,rule_4,0
93864,rule_2,0
62957,rule_1,1
10452,rule_3,1
4018,rule_2,0
75946,rule_3,1
91177,rule_3,1
4139,rule_2,0
44817,rule_2,0
66396,rule_1,1
29944,rule_3,1
68499,rule_2,0
90010,rule_3,1
2427,rule_3,1
69213,rule_1,1
94852,rule_1,1
60687,rule_1,1
94575,rule_4,0
50517,rule_3,1
7675,rule_3,1
50932,rule_3,1
19875,rule_4,0
78514,rule_3,1
84022,rule_2,0
82290,rule_3,1
70822,rule_3,1
73904,rule_1,1
30982,rule_3,1
24352,rule_3,1
12906,rule_3,1
2094,rule_2,0
81133,rule_3,1
76873,rule_3,1
77220,rule_3,1
1921,rule_3,1
65619,rule_3,1
82737,rule_3,1
78855,rule_3,1
42052,rule_3,1
60273,rule_2,0
62913,rule_1,1
41244,rule_2,0
55277,rule_3,1
84382,rule_2,0
93028,rule_2,0
1814,rule_2,0
2995,rule_1,1
48443,rule_3,1
15439,rule_3,1
62261,rule_1,1
55562,rule_3,1
79833,rule_3,1
42138,rule_3,1
2643,rule_3,1
74817,rule_3,1
40388,rule_3,1
29085,rule_3,1
18690,rule_3,1
96878,rule_4,0
54331,rule_1,1
36964,rule_3,1
45801,rule_3,1
94768,rule_3,1
12361,rule_1,1
3850,rule_3,1
1307,rule_3,1
34511,rule_3,1
81731,rule_3,1
19234,rule_3,1
30110,rule_4,0
16194,rule_2,0
26991,rule_1,1
94804,rule_3,1
61843,rule_3,1
64620,rule_3,1
68137,rule_3,1
81883,rule_3,1
22548,rule_1,1
30950,rule_3,1
67055,rule_3,1
94877,rule_3,1
94427,rule_3,1
60711,rule_2,0
90266,rule_3,1
4118,rule_2,0
88230,rule_2,0
76362,rule_3,1
65304,rule_2,0
71292,rule_2,0
41168,rule_3,1
79651,rule_3,1
32089,rule_4,0
22626,rule_3,1
45834,rule_1,1
59779,rule_3,1
28231,rule_3,1
87729,rule_2,0
14257,rule_1,1
1989,rule_3,1
62121,rule_2,0
25918,rule_3,1
62876,rule_1,1
16902,rule_3,1
10562,rule_2,0
55313,rule_2,0
54846,rule_2,0
25992,rule_2,0
94777,rule_1,1
51914,rule_1,1
80703,rule_3,1
55634,rule_4,0
89117,rule_2,0
22932,rule_3,1
90240,rule_3,1
88279,rule_3,1
75278,rule_2,0
45271,rule_2,0
81487,rule_3,1
3766,rule_3,1
98029,rule_3,1
46221,rule_3,1
90564,rule_3,1
7847,rule_3,1
96403,rule_2,0
77790,rule_3,1
26050,rule_1,1
86742,rule_3,1
81939,rule_1,1
85025,rule_2,0
31803,rule_1,1
888,rule_2,0
23621,rule_1,1
72526,rule_1,1
10809,rule_1,1
19553,rule_3,1
66961,rule_3,1
16524,rule_2,0
92037,rule_2,0
59723,rule_1,1
19582,rule_3,1
87052,rule_3,1
113,rule_3,1
72828,rule_3,1
16200,rule_1,1
37328,rule_3,1
53748,rule_1,1
46290,rule_3,1
11443,rule_3,1
86611,rule_2,0
11255,rule_3,1
24336,rule_2,0
11890,rule_3,1
43527,rule_3,1
85989,rule_2,0
86329,rule_2,0
17267,rule_2,0
19478,rule_3,1
64888,rule_1,1
91650,rule_2,0
27799,rule_1,1
16836,rule_2,0
69268,rule_2,0
56409,rule_1,1
1482,rule_3,1
32299,rule_2,0
4987,rule_3,1
52816,rule_3,1
35532,rule_3,1
58003,rule_3,1
13795,rule_2,0
67392,rule_3,1
390,rule_3,1
39195,rule_3,1
18625,rule_3,1
10579,rule_3,1
82913,rule_3,1
56185,rule_3,1
70534,rule_3,1
85843,rule_2,0
84893,rule_3,1
27963,rule_2,0
88792,rule_2,0
79748,rule_3,1
45815,rule_3,1
37565,rule_2,0
70306,rule_3,1
50446,rule_3,1
26401,rule_3,1
4174,rule_3,1
18920,rule_2,0
34676,rule_3,1
24619,rule_1,1
70483,rule_3,1
41329,rule_1,1
71570,rule_3,1
73156,rule_1,1
33920,rule_3,1
50720,rule_3,1
85092,rule_1,1
44815,rule_1,1
75226,rule_2,0
98540,rule_1,1
53313,rule_3,1
34999,rule_2,0
92269,rule_1,1
175,rule_2,0
18288,rule_2,0
25676,rule_3,1
41521,rule_3,1
36177,rule_1,1
1539,rule_3,1
35061,rule_4,0
42292,rule_2,0
66900,rule_1,1
37126,rule_2,0
62022,rule_3,1
21645,rule_3,1
84041,rule_2,0
84445,rule_2,0
66217,rule_3,1
13051,rule_2,0
97168,rule_2,0
33277,rule_3,1
32935,rule_1,1
13690,rule_2,0
65943,rule_3,1
91119,rule_1,1
19457,rule_3,1
89286,rule_3,1
67451,rule_3,1
7264,rule_3,1
85775,rule_1,1
20584,rule_3,1
95320,rule_3,1
95103,rule_1,1
10729,rule_3,1
33873,rule_3,1
77604,rule_3,1
2611,rule_3,1
42713,rule_3,1
2801,rule_3,1
31846,rule_1,1
11109,rule_3,1
11157,rule_3,1
32921,rule_4,0
78959,rule_1,1
88500,rule_3,1
87600,rule_3,1
94020,rule_3,1
68369,rule_3,1
27129,rule_3,1
98240,rule_3,1
69088,rule_2,0
52875,rule_3,1
74705,rule_2,0
98108,rule_3,1
78078,rule_3,1
30882,rule_2,0
47136,rule_2,0
3274,rule_3,1
64426,rule_3,1
10015,rule_3,1
45047,rule_1,1
57616,rule_4,0
15089,rule_2,0
18376,rule_4,0
2709,rule_3,1
90422,rule_2,0
28885,rule_2,0
5142,rule_3,1
27128,rule_3,1
85732,rule_3,1
7215,rule_3,1
86512,rule_2,0
89273,rule_3,1
16590,rule_1,1
65459,rule_3,1
30107,rule_3,1
25712,rule_3,1
23065,rule_2,0
13157,rule_3,1
35518,rule_3,1
60958,rule_2,0
57650,rule_1,1
51002,rule_3,1
93527,rule_2,0
22413,rule_2,0
26565,rule_3,1
85161,rule_1,1
60143,rule_3,1
45476,rule_3,1
20467,rule_3,1
85030,rule_3,1
77788,rule_3,1
75716,rule_3,1
22319,rule_3,1
90454,rule_4,0
38579,rule_3,1
57728,rule_2,0
38403,rule_3,1
53460,rule_2,0
77117,rule_2,0
85077,rule_3,1
88455,rule_3,1
95933,rule_1,1
34149,rule_2,0
80438,rule_1,1
90812,rule_3,1
3833,rule_3,1
32253,rule_1,1
49977,rule_2,0
37545,rule_2,0
57150,rule_3,1
37045,rule_1,1
37727,rule_2,0
99516,rule_3,1
43885,rule_3,1
88692,rule_3,1
7416,rule_3,1
6615,rule_2,0
27057,rule_1,1
16674,rule_2,0
61251,rule_3,1
84996,rule_3,1
77802,rule_1,1
10776,rule_2,0
19992,rule_2,0
47069,rule_1,1
62434,rule_3,1
15524,rule_4,0
30909,rule_2,0
14271,rule_4,0
45096,rule_1,1
91503,rule_3,1
80579,rule_1,1
46977,rule_3,1
45027,rule_1,1
82191,rule_1,1
63354,rule_2,0
31556,rule_3,1
20955,rule_3,1
93689,rule_3,1
97993,rule_1,1
13870,rule_3,1
82535,rule_1,1
94320,rule_3,1
93331,rule_3,1
42352,rule_3,1
39465,rule_3,1
20701,rule_1,1
47858,rule_1,1
50575,rule_2,0
8276,rule_3,1
74602,rule_3,1
43799,rule_4,0
2180,rule_1,1
70094,rule_3,1
61845,rule_3,1
7813,rule_1,1
45608,rule_2,0
63815,rule_1,1
42999,rule_3,1
89391,rule_3,1
80071,rule_1,1
66669,rule_2,0
76058,rule_1,1
59980,rule_3,1
22627,rule_3,1
96639,rule_1,1
46003,rule_3,1
2872,rule_3,1
56576,rule_2,0
78533,rule_3,1
63044,rule_3,1
84701,rule_3,1
26537,rule_2,0
34541,rule_3,1
64504,rule_3,1
43362,rule_3,1
64790,rule_3,1
87441,rule_3,1
91329,rule_3,1
34682,rule_3,1
96479,rule_3,1
9257,rule_3,1
12603,rule_3,1
29962,rule_1,1
30100,rule_3,1
24730,rule_2,0
15418,rule_2,0
63233,rule_2,0
51314,rule_2,0
52161,rule_3,1
63812,rule_2,0
66642,rule_3,1
82613,rule_3,1
75732,rule_1,1
4957,rule_3,1
45741,rule_2,0
53522,rule_3,1
19150,rule_4,0
20314,rule_2,0
20059,rule_3,1
3697,rule_4,0
9172,rule_3,1
28483,rule_3,1
85745,rule_3,1
53575,rule_2,0
92765,rule_2,0
85664,rule_3,1
67713,rule_2,0
55842,rule_3,1
25243,rule_1,1
19703,rule_3,1
40696,rule_2,0
23817,rule_1,1
68324,rule_3,1
12298,rule_1,1
66733,rule_2,0
83597,rule_2,0
85868,rule_3,1
81051,rule_3,1
99565,rule_1,1
27414,rule_1,1
5723,rule_3,1
74672,rule_3,1
43464,rule_2,0
98009,rule_3,1
84290,rule_3,1
4968,rule_3,1
63228,rule_1,1
18602,rule_3,1
24533,rule_3,1
19711,rule_3,1
36778,rule_3,1
81052,rule_1,1
69120,rule_3,1
99734,rule_1,1
18021,rule_3,1
22602,rule_3,1
84389,rule_3,1
77961,rule_3,1
27692,rule_2,0
55389,rule_1,1
87894,rule_3,1
93784,rule_3,1
45243,rule_2,0
31313,rule_1,1
21543,rule_1,1
56747,rule_2,0
88897,rule_1,1
63070,rule_3,1
10212,rule_2,0
36192,rule_3,1
76254,rule_2,0
8200,rule_3,1
18794,rule_2,0
85133,rule_1,1
98130,rule_3,1
70903,rule_1,1
50082,rule_3,1
55746,rule_3,1
68432,rule_1,1
24821,rule_3,1
14123,rule_3,1
94827,rule_3,1
34065,rule_3,1
28002,rule_1,1
3643,rule_3,1
96350,rule_3,1
66156,rule_3,1
58628,rule_1,1
30874,rule_3,1
38871,rule_3,1
63762,rule_3,1
63065,rule_2,0
41317,rule_2,0
87179,rule_3,1
5452,rule_3,1
89081,rule_3,1
76222,rule_3,1
15450,rule_3,1
73403,rule_1,1
31280,rule_2,0
25852,rule_2,0
59235,rule_3,1
12868,rule_2,0
28329,rule_2,0
13980,rule_3,1
54111,rule_3,1
47154,rule_2,0
92493,rule_3,1
72011,rule_3,1
93936,rule_1,1
24273,rule_3,1
93345,rule_1,1
8812,rule_3,1
93419,rule_3,1
493,rule_1,1
77228,rule_3,1
43528,rule_1,1
66653,rule_1,1
38406,rule_2,0
37854,rule_3,1
67294,rule_3,1
44255,rule_3,1
67469,rule_4,0
43310,rule_3,1
31434,rule_1,1
65102,rule_2,0
39122,rule_1,1
88510,rule_3,1
84566,rule_3,1
44606,rule_3,1
64806,rule_3,1
27077,rule_3,1
21626,rule_1,1
84704,rule_2,0
47119,rule_3,1
44770,rule_2,0
27046,rule_2,0
76722,rule_3,1
35064,rule_2,0
47563,rule_2,0
5940,rule_3,1
98741,rule_2,0
11034,rule_2,0
36082,rule_4,0
80361,rule_3,1
90271,rule_2,0
18991,rule_3,1
75452,rule_3,1
23990,rule_2,0
32984,rule_4,0
23092,rule_3,1
32431,rule_1,1
33841,rule_3,1
65345,rule_4,0
74219,rule_2,0
7007,rule_2,0
54255,rule_3,1
78916,rule_3,1
55752,rule_1,1
88331,rule_3,1
96620,rule_3,1
46474,rule_2,0
32794,rule_2,0
77241,rule_1,1
60615,rule_1,1
7660,rule_3,1
46170,rule_3,1
38459,rule_1,1
99020,rule_4,0
49430,rule_3,1
55836,rule_2,0
61216,rule_3,1
78258,rule_3,1
74708,rule_2,0
26424,rule_3,1
11909,rule_3,1
24969,rule_3,1
21608,rule_3,1
58586,rule_3,1
49068,rule_1,1
33871,rule_3,1
52429,rule_3,1
31132,rule_3,1
87266,rule_1,1
92770,rule_3,1
2205,rule_2,0
94109,rule_2,0
90307,rule_3,1
45672,rule_3,1
62523,rule_4,0
11309,rule_3,1
79304,rule_1,1
28152,rule_3,1
47833,rule_2,0
27607,rule_3,1
88840,rule_3,1
4427,rule_4,0
20937,rule_2,0
53555,rule_3,1
64111,rule_2,0
56548,rule_3,1
52871,rule_3,1
50125,rule_3,1
20964,rule_3,1
55669,rule_3,1
33488,rule_2,0
46608,rule_3,1
6156,rule_3,1
20094,rule_2,0
61241,rule_1,1
51956,rule_3,1
69562,rule_1,1
55351,rule_4,0
40993,rule_2,0
29337,rule_3,1
17909,rule_2,0
30432,rule_1,1
20448,rule_3,1
93575,rule_1,1
81030,rule_1,1
30117,rule_3,1
51375,rule_3,1
71355,rule_2,0
44725,rule_3,1
32246,rule_1,1
3867,rule_1,1
55244,rule_2,0
2746,rule_2,0
77404,rule_2,0
76241,rule_1,1
11951,rule_3,1
43792,rule_2,0
19612,rule_1,1
20308,rule_3,1
44865,rule_1,1
92390,rule_3,1
15194,rule_3,1
85180,rule_3,1
1402,rule_3,1
61611,rule_3,1
12829,rule_3,1
24088,rule_3,1
54132,rule_1,1
36022,rule_2,0
51814,rule_2,0
24473,rule_2,0
82595,rule_3,1
31882,rule_3,1
39780,rule_3,1
96231,rule_4,0
42966,rule_1,1
36610,rule_2,0
18200,rule_1,1
20133,rule_3,1
28173,rule_1,1
61998,rule_2,0
2101,rule_4,0
98503,rule_3,1
62508,rule_3,1
55861,rule_3,1
10294,rule_2,0
4214,rule_1,1
26673,rule_2,0
73017,rule_2,0
80099,rule_3,1
33003,rule_3,1
60949,rule_3,1
74084,rule_2,0
54337,rule_3,1
62262,rule_4,0
47592,rule_3,1
16924,rule_1,1
85141,rule_3,1
58284,rule_3,1
55622,rule_3,1
62492,rule_2,0
23555,rule_2,0
47378,rule_3,1
90888,rule_4,0
18136,rule_2,0
85897,rule_1,1
57506,rule_2,0
83693,rule_2,0
76397,rule_2,0
27748,rule_3,1
51169,rule_2,0
34774,rule_3,1
95691,rule_1,1
52390,rule_1,1
20809,rule_3,1
29321,rule_3,1
81424,rule_3,1
80770,rule_3,1
26655,rule_1,1
24973,rule_2,0
27365,rule_3,1
2258,rule_3,1
78861,rule_4,0
85993,rule_1,1
38343,rule_3,1
74620,rule_2,0
54121,rule_2,0
5356,rule_3,1
87698,rule_2,0
67056,rule_2,0
66915,rule_3,1
87593,rule_3,1
25600,rule_1,1
18972,rule_2,0
80743,rule_3,1
54576,rule_1,1
22006,rule_1,1
17509,rule_3,1
45969,rule_4,0
66853,rule_1,1
63116,rule_3,1
5843,rule_3,1
16212,rule_3,1
78357,rule_3,1
71369,rule_3,1
75358,rule_3,1
54041,rule_2,0
93636,rule_3,1
89964,rule_3,1
58273,rule_3,1
29797,rule_3,1
15373,rule_4,0
12181,rule_3,1
85717,rule_2,0
94231,rule_3,1
71855,rule_4,0
23479,rule_3,1
44761,rule_3,1
92123,rule_3,1
62369,rule_3,1
39130,rule_3,1
32442,rule_3,1
48696,rule_2,0
2225,rule_3,1
91219,rule_2,0
43149,rule_3,1
90931,rule_2,0
16210,rule_3,1
5572,rule_3,1
5794,rule_1,1
53385,rule_4,0
32403,rule_1,1
71275,rule_3,1
19009,rule_3,1
41628,rule_1,1
70813,rule_1,1
55104,rule_3,1
80812,rule_2,0
35206,rule_2,0
22441,rule_1,1
79624,rule_3,1
58162,rule_2,0
62552,rule_2,0
27991,rule_3,1
22737,rule_3,1
26918,rule_3,1
44758,rule_3,1
68704,rule_3,1
50962,rule_3,1
31898,rule_3,1
89082,rule_3,1
58609,rule_2,0
54239,rule_2,0
89679,rule_1,1
48689,rule_4,0
79564,rule_3,1
7017,rule_2,0
46155,rule_3,1
48767,rule_3,1
45410,rule_2,0
73464,rule_1,1
37714,rule_1,1
15650,rule_3,1
12238,rule_3,1
93815,rule_3,1
74764,rule_3,1
71122,rule_1,1
56072,rule_3,1
71127,rule_3,1
56379,rule_3,1
84228,rule_1,1
46102,rule_3,1
14744,rule_1,1
8245,rule_3,1
16238,rule_3,1
99248,rule_2,0
80910,rule_1,1
12146,rule_1,1
160,rule_3,1
25236,rule_3,1
1590,rule_3,1
89572,rule_1,1
80906,rule_1,1
38334,rule_3,1
88608,rule_3,1
7191,rule_3,1
16567,rule_1,1
76113,rule_1,1
30751,rule_2,0
89401,rule_3,1
61203,rule_4,0
34325,rule_3,1
35597,rule_2,0
33205,rule_3,1
22174,rule_1,1
15593,rule_3,1
67905,rule_3,1
28455,rule_1,1
23783,rule_3,1
58395,rule_4,0
53118,rule_3,1
70264,rule_3,1
17623,rule_3,1
68488,rule_3,1
10351,rule_3,1
63672,rule_3,1
46093,rule_1,1
81254,rule_3,1
56700,rule_4,0
89834,rule_2,0
12450,rule_3,1
59767,rule_3,1
71313,rule_2,0
80808,rule_3,1
70722,rule_3,1
22032,rule_2,0
74086,rule_1,1
84051,rule_3,1
28221,rule_1,1
67629,rule_4,0
87330,rule_4,0
10208,rule_3,1
61389,rule_3,1
32956,rule_3,1
41870,rule_3,1
24323,rule_3,1
19811,rule_2,0
66635,rule_3,1
1382,rule_2,0
8606,rule_2,0
48512,rule_3,1
54190,rule_2,0
21282,rule_3,1
77065,rule_3,1
93719,rule_3,1
52328,rule_2,0
15039,rule_1,1
75970,rule_3,1
94755,rule_3,1
20132,rule_3,1
11391,rule_3,1
41161,rule_3,1
7296,rule_3,1
8069,rule_3,1
78472,rule_3,1
42728,rule_2,0
86157,rule_2,0
9765,rule_3,1
32793,rule_3,1
68900,rule_2,0
66625,rule_1,1
12867,rule_4,0
10887,rule_2,0
11591,rule_2,0
98955,rule_3,1
84762,rule_3,1
10504,rule_3,1
77843,rule_3,1
27811,rule_3,1
56623,rule_3,1
86073,rule_4,0
58654,rule_2,0
49848,rule_1,1
81443,rule_4,0
52888,rule_2,0
11945,rule_3,1
17612,rule_3,1
51152,rule_3,1
277,rule_3,1
77950,rule_3,1
26944,rule_2,0
22314,rule_1,1
19338,rule_3,1
36675,rule_3,1
86699,rule_3,1
5846,rule_2,0
36189,rule_1,1
27104,rule_1,1
51920,rule_3,1
90103,rule_2,0
92447,rule_3,1
50877,rule_3,1
24046,rule_3,1
25519,rule_3,1
68027,rule_2,0
21827,rule_4,0
48934,rule_1,1
40511,rule_2,0
80019,rule_2,0
15073,rule_3,1
62321,rule_3,1
2385,rule_3,1
8017,rule_3,1
82036,rule_1,1
48457,rule_3,1
19504,rule_3,1
53411,rule_3,1
41863,rule_3,1
51972,rule_4,0
28399,rule_3,1
6143,rule_2,0
96501,rule_3,1
18355,rule_2,0
21084,rule_3,1
94290,rule_2,0
69339,rule_3,1
55221,rule_3,1
30387,rule_3,1
36305,rule_3,1
36594,rule_2,0
98259,rule_1,1
12992,rule_3,1
62155,rule_3,1
51099,rule_3,1
20879,rule_2,0
2455,rule_3,1
79064,rule_3,1
28065,rule_2,0
58955,rule_3,1
72806,rule_3,1
78519,rule_3,1
72703,rule_1,1
78406,rule_3,1
95072,rule_3,1
56116,rule_2,0
38636,rule_2,0
60012,rule_3,1
66419,rule_3,1
13894,rule_3,1
48652,rule_3,1
29690,rule_3,1
66094,rule_3,1
67497,rule_3,1
46100,rule_3,1
1208,rule_2,0
91089,rule_3,1
7685,rule_3,1
16860,rule_3,1
26087,rule_3,1
55691,rule_1,1
44790,rule_1,1
28309,rule_3,1
76022,rule_3,1
19596,rule_3,1
3631,rule_2,0
1709,rule_1,1
26422,rule_3,1
24843,rule_3,1
1141,rule_4,0
38976,rule_1,1
75775,rule_3,1
92022,rule_3,1
35429,rule_2,0
90769,rule_3,1
80389,rule_1,1
1308,rule_3,1
18952,rule_4,0
58343,rule_4,0
77989,rule_2,0
84755,rule_3,1
44696,rule_2,0
46841,rule_3,1
74966,rule_2,0
57170,rule_1,1
20220,rule_4,0
85091,rule_2,0
55569,rule_2,0
39421,rule_1,1
63923,rule_2,0
13284,rule_2,0
26763,rule_1,1
64354,rule_4,0
58479,rule_1,1
37773,rule_1,1
55779,rule_2,0
81533,rule_2,0
25880,rule_2,0
30655,rule_3,1
85377,rule_2,0
75251,rule_1,1
359,rule_3,1
139,rule_2,0
74028,rule_2,0
91669,rule_3,1
62444,rule_3,1
82303,rule_3,1
43950,rule_2,0
341,rule_3,1
70394,rule_2,0
56883,rule_1,1
9570,rule_3,1
64387,rule_1,1
50099,rule_1,1
76119,rule_3,1
5499,rule_2,0
86837,rule_2,0
8557,rule_3,1
76450,rule_3,1
1933,rule_3,1
2353,rule_3,1
15849,rule_3,1
3237,rule_3,1
27717,rule_3,1
42262,rule_3,1
36576,rule_3,1
59501,rule_3,1
71156,rule_2,0
14974,rule_4,0
63919,rule_3,1
20539,rule_3,1
61517,rule_1,1
25373,rule_1,1
18801,rule_2,0
6345,rule_3,1
71676,rule_3,1
66322,rule_3,1
30404,rule_3,1
23174,rule_3,1
27735,rule_3,1
31779,rule_3,1
8037,rule_3,1
73852,rule_2,0
71850,rule_3,1
22053,rule_3,1
84093,rule_2,0
2170,rule_1,1
53162,rule_2,0
79675,rule_1,1
18694,rule_3,1
26418,rule_4,0
77363,rule_1,1
91370,rule_3,1
72128,rule_4,0
37227,rule_3,1
47094,rule_3,1
7598,rule_3,1
89860,rule_3,1
70189,rule_2,0
93763,rule_3,1
19800,rule_2,0
42360,rule_3,1
7070,rule_3,1
42418,rule_1,1
97068,rule_3,1
5745,rule_2,0
48516,rule_2,0
17439,rule_3,1
95041,rule_3,1
91576,rule_1,1
77488,rule_3,1
930,rule_3,1
98967,rule_3,1
22853,rule_2,0
8768,rule_3,1
11121,rule_2,0
47499,rule_3,1
94334,rule_2,0
11739,rule_3,1
44015,rule_2,0
2012,rule_2,0
17298,rule_3,1
40380,rule_3,1
71443,rule_3,1
44180,rule_2,0
84527,rule_3,1
93377,rule_3,1
21313,rule_3,1
91704,rule_2,0
39333,rule_2,0
68804,rule_3,1
81927,rule_3,1
76709,rule_3,1
40604,rule_2,0
88504,rule_3,1
45735,rule_2,0
85921,rule_3,1
83556,rule_3,1
66678,rule_2,0
75770,rule_3,1
47776,rule_1,1
64048,rule_1,1
15435,rule_3,1
82280,rule_3,1
68671,rule_2,0
54313,rule_3,1
39759,rule_3,1
52396,rule_3,1
79004,rule_3,1
84163,rule_3,1
17859,rule_2,0
42850,rule_3,1
93548,rule_3,1
36028,rule_1,1
62494,rule_3,1
61050,rule_2,0
75750,rule_3,1
36789,rule_3,1
90487,rule_3,1
36269,rule_3,1
17515,rule_3,1
79286,rule_1,1
10517,rule_2,0
7462,rule_1,1
38393,rule_3,1
50584,rule_3,1
97578,rule_3,1
74879,rule_3,1
77873,rule_3,1
37438,rule_3,1
74965,rule_3,1
38245,rule_2,0
31706,rule_3,1
67535,rule_1,1
89901,rule_1,1
48439,rule_2,0
34625,rule_3,1
2283,rule_3,1
94476,rule_3,1
28670,rule_3,1
78929,rule_2,0
22786,rule_2,0
71976,rule_2,0
93534,rule_1,1
6032,rule_2,0
33155,rule_3,1
30374,rule_3,1
77314,rule_3,1
62069,rule_1,1
60059,rule_3,1
19540,rule_2,0
17155,rule_3,1
46620,rule_1,1
64201,rule_3,1
76918,rule_2,0
70195,rule_4,0
78034,rule_2,0
74638,rule_3,1
10059,rule_2,0
34611,rule_3,1
51650,rule_3,1
86121,rule_3,1
36637,rule_3,1
71426,rule_3,1
61351,rule_1,1
14377,rule_4,0
19087,rule_4,0
24307,rule_3,1
44410,rule_3,1
16716,rule_2,0
95345,rule_3,1
78932,rule_3,1
10652,rule_3,1
34543,rule_1,1
16978,rule_3,1
24996,rule_3,1
3745,rule_3,1
82910,rule_1,1
38212,rule_3,1
97816,rule_3,1
46738,rule_3,1
23378,rule_3,1
67412,rule_1,1
22191,rule_3,1
3761,rule_3,1
98344,rule_2,0
35821,rule_3,1
52894,rule_1,1
79191,rule_3,1
78683,rule_3,1
37384,rule_2,0
81349,rule_3,1
3322,rule_3,1
55399,rule_3,1
64090,rule_2,0
22433,rule_3,1
68848,rule_3,1
99313,rule_3,1
99240,rule_3,1
60349,rule_3,1
78280,rule_2,0
44364,rule_3,1
8211,rule_3,1
61036,rule_2,0
44200,rule_1,1
61441,rule_4,0
52781,rule_2,0
52782,rule_3,1
59519,rule_3,1
83277,rule_3,1
21387,rule_1,1
81555,rule_1,1
80651,rule_2,0
22208,rule_4,0
70029,rule_3,1
22055,rule_1,1
68649,rule_3,1
49335,rule_1,1
44603,rule_3,1
35635,rule_4,0
59157,rule_1,1
33624,rule_2,0
97940,rule_2,0
70449,rule_3,1
5464,rule_2,0
50953,rule_2,0
88297,rule_3,1
92542,rule_3,1
65334,rule_3,1
5483,rule_3,1
31338,rule_2,0
12606,rule_1,1
97815,rule_3,1
3829,rule_4,0
16725,rule_3,1
96039,rule_1,1
94612,rule_4,0
37419,rule_3,1
17544,rule_3,1
58558,rule_3,1
17710,rule_3,1
43057,rule_2,0
54246,rule_3,1
86717,rule_2,0
6797,rule_2,0
71345,rule_3,1
96056,rule_2,0
63316,rule_3,1
99848,rule_4,0
83376,rule_2,0
5411,rule_4,0
73870,rule_1,1
95656,rule_4,0
95075,rule_3,1
68337,rule_4,0
42605,rule_3,1
75869,rule_3,1
24001,rule_1,1
29034,rule_3,1
85372,rule_3,1
40584,rule_3,1
4379,rule_3,1
28934,rule_2,0
86796,rule_2,0
6717,rule_3,1
26513,rule_1,1
93906,rule_3,1
2262,rule_3,1
40198,rule_2,0
85926,rule_3,1
42071,rule_4,0
32328,rule_3,1
42753,rule_3,1
62825,rule_1,1
11191,rule_3,1
17570,rule_3,1
194,rule_1,1
46572,rule_3,1
99614,rule_3,1
8771,rule_3,1
30796,rule_3,1
87446,rule_1,1
31260,rule_3,1
43356,rule_3,1
17863,rule_3,1
18231,rule_3,1
28804,rule_3,1
78003,rule_3,1
61945,rule_3,1
96020,rule_1,1
89907,rule_1,1
80405,rule_2,0
14568,rule_4,0
82326,rule_3,1
99438,rule_2,0
26650,rule_2,0
49679,rule_1,1
64047,rule_3,1
71854,rule_1,1
6582,rule_3,1
92492,rule_3,1
32175,rule_2,0
89389,rule_3,1
59872,rule_3,1
49880,rule_3,1
86498,rule_3,1
9169,rule_3,1
91171,rule_3,1
46404,rule_1,1
96137,rule_3,1
85437,rule_3,1
7369,rule_2,0
67581,rule_3,1
72693,rule_1,1
16289,rule_3,1
7852,rule_2,0
42947,rule_1,1
44901,rule_3,1
58644,rule_3,1
79152,rule_2,0
50501,rule_3,1
49813,rule_2,0
95999,rule_3,1
67029,rule_4,0
58930,rule_1,1
97804,rule_2,0
65088,rule_3,1
66315,rule_3,1
54307,rule_2,0
59660,rule_4,0
9886,rule_3,1
51632,rule_3,1
74814,rule_3,1
35293,rule_2,0
23568,rule_2,0
86711,rule_2,0
70911,rule_3,1
63096,rule_3,1
54870,rule_2,0
89710,rule_3,1
81769,rule_1,1
14850,rule_3,1
50140,rule_2,0
8260,rule_1,1
32763,rule_3,1
71364,rule_2,0
92494,rule_3,1
11241,rule_1,1
95029,rule_2,0
46734,rule_3,1
64308,rule_1,1
77176,rule_1,1
6817,rule_2,0
59712,rule_3,1
96809,rule_2,0
49438,rule_3,1
43473,rule_2,0
31656,rule_2,0
51876,rule_1,1
79677,rule_4,0
34229,rule_3,1
50086,rule_3,1
4494,rule_2,0
56308,rule_3,1
96801,rule_3,1
78611,rule_1,1
94841,rule_3,1
79223,rule_1,1
13948,rule_3,1
11003,rule_3,1
48201,rule_3,1
72767,rule_2,0
28366,rule_3,1
48455,rule_1,1
75949,rule_4,0
5076,rule_1,1
59676,rule_2,0
24265,rule_3,1
21779,rule_3,1
84867,rule_1,1
15283,rule_3,1
99184,rule_3,1
69625,rule_3,1
18352,rule_2,0
53910,rule_1,1
34519,rule_3,1
69786,rule_2,0
61710,rule_3,1
23384,rule_1,1
8473,rule_2,0
8788,rule_3,1
22011,rule_2,0
12110,rule_3,1
71679,rule_1,1
46739,rule_4,0
15038,rule_3,1
74568,rule_3,1
86517,rule_3,1
2660,rule_3,1
65678,rule_1,1
2598,rule_1,1
72238,rule_3,1
15224,rule_4,0
83298,rule_3,1
58811,rule_3,1
67991,rule_2,0
22747,rule_1,1
72955,rule_1,1
86662,rule_2,0
50291,rule_3,1
10450,rule_3,1
56527,rule_3,1
29517,rule_1,1
50940,rule_1,1
53799,rule_3,1
23953,rule_2,0
82380,rule_1,1
55268,rule_4,0
48782,rule_3,1
8180,rule_3,1
50101,rule_3,1
93813,rule_3,1
9529,rule_3,1
71907,rule_2,0
55078,rule_3,1
63279,rule_3,1
87961,rule_2,0
75331,rule_1,1
90752,rule_3,1
41815,rule_2,0
36599,rule_1,1
99257,rule_2,0
55297,rule_3,1
28796,rule_3,1
38548,rule_1,1
76230,rule_2,0
67495,rule_2,0
156,rule_3,1
10488,rule_3,1
98069,rule_3,1
37347,rule_3,1
1090,rule_1,1
87970,rule_3,1
27517,rule_3,1
98958,rule_1,1
78113,rule_3,1
74659,rule_4,0
32603,rule_3,1
40719,rule_1,1
76638,rule_2,0
18059,rule_1,1
55916,rule_3,1
72517,rule_3,1
6417,rule_3,1
81558,rule_2,0
41856,rule_2,0
76976,rule_2,0
84247,rule_3,1
33867,rule_1,1
70970,rule_3,1
98096,rule_3,1
13231,rule_4,0
71987,rule_1,1
45097,rule_2,0
18100,rule_3,1
59043,rule_3,1
25557,rule_2,0
95649,rule_1,1
90302,rule_3,1
91354,rule_1,1
85752,rule_1,1
36117,rule_3,1
69616,rule_2,0
59166,rule_3,1
99197,rule_3,1
588,rule_2,0
9347,rule_3,1
46038,rule_3,1
46306,rule_3,1
81624,rule_3,1
43733,rule_2,0
99417,rule_3,1
26476,rule_3,1
52143,rule_3,1
87490,rule_1,1
30091,rule_3,1
81836,rule_1,1
30931,rule_2,0
646,rule_1,1
95666,rule_1,1
9588,rule_3,1
49417,rule_3,1
77276,rule_1,1
15037,rule_3,1
32995,rule_2,0
88709,rule_1,1
24218,rule_3,1
92052,rule_2,0
26820,rule_4,0
55427,rule_3,1
9753,rule_2,0
8005,rule_1,1
16155,rule_1,1
20096,rule_2,0
8439,rule_2,0
26171,rule_3,1
67066,rule_3,1
1126,rule_2,0
33692,rule_3,1
1284,rule_3,1
56482,rule_2,0
52757,rule_2,0
42871,rule_2,0
31853,rule_3,1
98765,rule_3,1
54401,rule_2,0
80686,rule_3,1
63371,rule_1,1
62988,rule_4,0
2592,rule_1,1
5907,rule_3,1
55662,rule_3,1
11206,rule_3,1
39902,rule_2,0
67844,rule_2,0
90725,rule_1,1
20075,rule_3,1
17072,rule_2,0
33381,rule_3,1
65032,rule_3,1
89088,rule_3,1
85121,rule_3,1
6630,rule_3,1
4136,rule_1,1
1899,rule_3,1
79474,rule_3,1
283,rule_2,0
65795,rule_3,1
11117,rule_3,1
6531,rule_3,1
37712,rule_1,1
84743,rule_1,1
80258,rule_3,1
77068,rule_3,1
85446,rule_3,1
29140,rule_3,1
6972,rule_2,0
79058,rule_3,1
37992,rule_3,1
67822,rule_3,1
87984,rule_3,1
40847,rule_2,0
21039,rule_1,1
21385,rule_3,1
6711,rule_3,1
99169,rule_3,1
57829,rule_3,1
75940,rule_1,1
21801,rule_1,1
33244,rule_2,0
51708,rule_2,0
49160,rule_3,1
61002,rule_3,1
71948,rule_2,0
2552,rule_1,1
94987,rule_2,0
6853,rule_3,1
32659,rule_3,1
79026,rule_3,1
51579,rule_3,1
88665,rule_2,0
26391,rule_2,0
48564,rule_3,1
64167,rule_1,1
21254,rule_3,1
18659,rule_3,1
41972,rule_3,1
50730,rule_3,1
23649,rule_3,1
91180,rule_2,0
42952,rule_3,1
20355,rule_4,0
13566,rule_3,1
22264,rule_3,1
81817,rule_1,1
29119,rule_4,0
39962,rule_3,1
18490,rule_3,1
6824,rule_3,1
27625,rule_3,1
56701,rule_3,1
782,rule_1,1
14940,rule_2,0
18134,rule_3,1
96335,rule_1,1
96469,rule_1,1
10984,rule_3,1
72056,rule_4,0
5775,rule_2,0
30934,rule_3,1
78708,rule_3,1
30574,rule_3,1
9284,rule_2,0
63871,rule_1,1
74906,rule_3,1
12820,rule_2,0
18709,rule_3,1
63879,rule_3,1
37824,rule_3,1
10801,rule_3,1
59635,rule_2,0
67264,rule_2,0
16995,rule_2,0
48778,rule_2,0
70203,rule_2,0
30652,rule_3,1
90024,rule_3,1
57327,rule_3,1
74072,rule_3,1
93270,rule_1,1
69287,rule_1,1
12925,rule_1,1
78259,rule_1,1
96112,rule_3,1
76944,rule_3,1
65634,rule_2,0
68674,rule_2,0
14358,rule_2,0
83458,rule_3,1
13141,rule_3,1
47946,rule_4,0
69185,rule_3,1
78022,rule_3,1
50670,rule_3,1
67170,rule_3,1
86545,rule_3,1
45233,rule_2,0
44630,rule_3,1
55719,rule_4,0
46761,rule_1,1
18475,rule_3,1
23482,rule_3,1
71708,rule_1,1
7522,rule_3,1
75416,rule_3,1
62033,rule_3,1
98845,rule_3,1
19447,rule_3,1
33366,rule_3,1
15353,rule_2,0
88554,rule_2,0
91007,rule_3,1
24260,rule_3,1
97387,rule_3,1
7346,rule_3,1
6305,rule_3,1
97366,rule_3,1
6589,rule_3,1
81913,rule_2,0
42892,rule_3,1
29056,rule_4,0
99215,rule_2,0
87897,rule_3,1
57715,rule_2,0
18323,rule_3,1
26929,rule_2,0
34522,rule_2,0
28229,rule_2,0
18746,rule_3,1
20645,rule_3,1
70969,rule_1,1
22670,rule_2,0
2540,rule_3,1
77466,rule_3,1
50602,rule_2,0
65429,rule_3,1
98485,rule_3,1
66708,rule_3,1
48331,rule_2,0
7928,rule_3,1
14290,rule_1,1
96895,rule_3,1
97554,rule_3,1
17074,rule_3,1
47300,rule_3,1
15893,rule_3,1
50027,rule_3,1
18682,rule_3,1
40786,rule_1,1
2644,rule_2,0
95851,rule_4,0
59064,rule_3,1
5348,rule_2,0
96045,rule_3,1
41801,rule_3,1
49734,rule_3,1
32973,rule_3,1
7897,rule_2,0
9834,rule_3,1
93584,rule_1,1
32592,rule_3,1
50058,rule_3,1
17016,rule_3,1
73998,rule_3,1
19676,rule_4,0
34743,rule_3,1
163,rule_1,1
74972,rule_4,0
9558,rule_3,1
92574,rule_1,1
37482,rule_3,1
74604,rule_3,1
1432,rule_3,1
80798,rule_2,0
23253,rule_3,1
45604,rule_3,1
62425,rule_3,1
13976,rule_3,1
67156,rule_2,0
7711,rule_3,1
7737,rule_3,1
37052,rule_3,1
7532,rule_3,1
17070,rule_1,1
13494,rule_4,0
42822,rule_3,1
43620,rule_3,1
68921,rule_1,1
2840,rule_3,1
94849,rule_3,1
5106,rule_3,1
56615,rule_2,0
15079,rule_2,0
29310,rule_3,1
19716,rule_3,1
26202,rule_3,1
25280,rule_3,1
2097,rule_4,0
42964,rule_2,0
22437,rule_1,1
8000,rule_2,0
62813,rule_3,1
94789,rule_3,1
81907,rule_2,0
70554,rule_3,1
25123,rule_3,1
83370,rule_3,1
61331,rule_3,1
23285,rule_2,0
84531,rule_3,1
83821,rule_3,1
90107,rule_3,1
53073,rule_3,1
35526,rule_3,1
6398,rule_3,1
93809,rule_3,1
54221,rule_3,1
46851,rule_2,0
34866,rule_1,1
8330,rule_3,1
95805,rule_1,1
3472,rule_2,0
14473,rule_3,1
57419,rule_1,1
84046,rule_1,1
30255,rule_3,1
83931,rule_1,1
30448,rule_3,1
99752,rule_2,0
34052,rule_3,1
45254,rule_3,1
59793,rule_4,0
77985,rule_2,0
75565,rule_3,1
21622,rule_3,1
33788,rule_3,1
16185,rule_1,1
75055,rule_3,1
27387,rule_3,1
25052,rule_2,0
84731,rule_3,1
50289,rule_3,1
1652,rule_1,1
33938,rule_1,1
76257,rule_3,1
6257,rule_4,0
28855,rule_3,1
5470,rule_2,0
94948,rule_3,1
81581,rule_3,1
98385,rule_3,1
10259,rule_3,1
43935,rule_3,1
13429,rule_2,0
37862,rule_2,0
21818,rule_3,1
66078,rule_3,1
62540,rule_3,1
42093,rule_2,0
49816,rule_3,1
78230,rule_3,1
55507,rule_3,1
5998,rule_3,1
68927,rule_1,1
28732,rule_3,1
60604,rule_3,1
97709,rule_2,0
14227,rule_3,1
16030,rule_1,1
99929,rule_3,1
11006,rule_1,1
36728,rule_3,1
93060,rule_3,1
6644,rule_3,1
95287,rule_3,1
23226,rule_3,1
48869,rule_3,1
16088,rule_4,0
69123,rule_2,0
94734,rule_1,1
36061,rule_1,1
68100,rule_3,1
27767,rule_1,1
59665,rule_1,1
97165,rule_1,1
37805,rule_3,1
33849,rule_2,0
61628,rule_3,1
64430,rule_3,1
92198,rule_1,1
80074,rule_3,1
59797,rule_3,1
2024,rule_2,0
78646,rule_3,1
73446,rule_3,1
98375,rule_3,1
23706,rule_3,1
66550,rule_3,1
18314,rule_2,0
9597,rule_3,1
82618,rule_4,0
23763,rule_1,1
12088,rule_3,1
54342,rule_3,1
5111,rule_1,1
89823,rule_3,1
36752,rule_3,1
15380,rule_2,0
89465,rule_3,1
40373,rule_3,1
19874,rule_3,1
13945,rule_2,0
63438,rule_3,1
26833,rule_2,0
35852,rule_3,1
10806,rule_3,1
19034,rule_2,0
47702,rule_2,0
84900,rule_4,0
37901,rule_3,1
67696,rule_3,1
31657,rule_3,1
76866,rule_2,0
25499,rule_2,0
79579,rule_3,1
80103,rule_2,0
36736,rule_2,0
34197,rule_3,1
3082,rule_3,1
68057,rule_1,1
98020,rule_2,0
21728,rule_3,1
62947,rule_3,1
38788,rule_2,0
82369,rule_3,1
49667,rule_3,1
91397,rule_3,1
55148,rule_1,1
22657,rule_3,1
65096,rule_3,1
41322,rule_3,1
88200,rule_3,1
29807,rule_3,1
56448,rule_1,1
9497,rule_3,1
5927,rule_1,1
29726,rule_3,1
51613,rule_3,1
81943,rule_3,1
83987,rule_2,0
18038,rule_1,1
8895,rule_2,0
8707,rule_1,1
66913,rule_2,0
67261,rule_2,0
27045,rule_3,1
3755,rule_3,1
57805,rule_1,1
29740,rule_3,1
20568,rule_2,0
46487,rule_4,0
91599,rule_3,1
44639,rule_3,1
48690,rule_2,0
24859,rule_2,0
55732,rule_2,0
64029,rule_2,0
13058,rule_3,1
85458,rule_1,1
48909,rule_1,1
93981,rule_1,1
23388,rule_2,0
43542,rule_2,0
58713,rule_3,1
86251,rule_3,1
58006,rule_1,1
57942,rule_2,0
94464,rule_3,1
14572,rule_3,1
94871,rule_3,1
82567,rule_2,0
55534,rule_3,1
23912,rule_3,1
79752,rule_3,1
15998,rule_1,1
28045,rule_2,0
56850,rule_3,1
43951,rule_3,1
50409,rule_2,0
37644,rule_3,1
76273,rule_3,1
48759,rule_3,1
30842,rule_2,0
77795,rule_2,0
61333,rule_3,1
84081,rule_3,1
64947,rule_1,1
93472,rule_3,1
76972,rule_3,1
46805,rule_1,1
14292,rule_2,0
2462,rule_2,0
77812,rule_2,0
92950,rule_3,1
77426,rule_3,1
49146,rule_3,1
55420,rule_3,1
54094,rule_3,1
38715,rule_2,0
70120,rule_2,0
22169,rule_1,1
45001,rule_2,0
26807,rule_2,0
89490,rule_3,1
58280,rule_3,1
45839,rule_3,1
16906,rule_3,1
57867,rule_3,1
95458,rule_3,1
64380,rule_1,1
60704,rule_2,0
9504,rule_3,1
69520,rule_3,1
39072,rule_2,0
59766,rule_1,1
17154,rule_3,1
87528,rule_3,1
5979,rule_3,1
25228,rule_3,1
85668,rule_1,1
34965,rule_2,0
46858,rule_2,0
57714,rule_2,0
99861,rule_3,1
86206,rule_2,0
61559,rule_3,1
78041,rule_2,0
59561,rule_2,0
42601,rule_1,1
26190,rule_3,1
6980,rule_3,1
50980,rule_1,1
77361,rule_1,1
91075,rule_3,1
96719,rule_2,0
52162,rule_1,1
35145,rule_3,1
61064,rule_1,1
17631,rule_1,1
23889,rule_3,1
39280,rule_3,1
78816,rule_3,1
28271,rule_1,1
98952,rule_1,1
47242,rule_3,1
5440,rule_1,1
76296,rule_3,1
29957,rule_3,1
92602,rule_1,1
28139,rule_3,1
57907,rule_4,0
64028,rule_3,1
70068,rule_2,0
9867,rule_2,0
48356,rule_2,0
10143,rule_1,1
44858,rule_3,1
94440,rule_2,0
88341,rule_1,1
16532,rule_3,1
83589,rule_3,1
76817,rule_3,1
89571,rule_2,0
28083,rule_4,0
7789,rule_3,1
36225,rule_3,1
63531,rule_3,1
94295,rule_3,1
60921,rule_4,0
70477,rule_3,1
41992,rule_3,1
92261,rule_3,1
22615,rule_4,0
63937,rule_2,0
30112,rule_3,1
47685,rule_2,0
96723,rule_1,1
56493,rule_3,1
25432,rule_3,1
7100,rule_2,0
73617,rule_3,1
49231,rule_3,1
23473,rule_1,1
51400,rule_2,0
97688,rule_3,1
98155,rule_1,1
92962,rule_3,1
90901,rule_1,1
51432,rule_1,1
28672,rule_2,0
20282,rule_3,1
97400,rule_3,1
89098,rule_3,1
42081,rule_3,1
6173,rule_3,1
3632,rule_2,0
49724,rule_2,0
64642,rule_3,1
90537,rule_3,1
33161,rule_4,0
3192,rule_3,1
32785,rule_3,1
30912,rule_1,1
53353,rule_3,1
64042,rule_3,1
55317,rule_3,1
19878,rule_3,1
30621,rule_3,1
26036,rule_3,1
98005,rule_2,0
14057,rule_3,1
72931,rule_3,1
21224,rule_4,0
33362,rule_1,1
93948,rule_3,1
37488,rule_2,0
25122,rule_3,1
10750,rule_2,0
89882,rule_3,1
29301,rule_3,1
22421,rule_3,1
4799,rule_1,1
10635,rule_3,1
70332,rule_3,1
53745,rule_1,1
41425,rule_3,1
164,rule_3,1
672,rule_3,1
53421,rule_3,1
47077,rule_3,1
16053,rule_1,1
56533,rule_3,1
90354,rule_2,0
59354,rule_3,1
22741,rule_3,1
60429,rule_1,1
96321,rule_1,1
91013,rule_3,1
5543,rule_2,0
24023,rule_2,0
23178,rule_3,1
73295,rule_2,0
6549,rule_2,0
89819,rule_1,1
63038,rule_2,0
70018,rule_3,1
62647,rule_2,0
61950,rule_1,1
69253,rule_1,1
76374,rule_2,0
9957,rule_3,1
31175,rule_4,0
27606,rule_3,1
26716,rule_3,1
96411,rule_3,1
96775,rule_3,1
80355,rule_3,1
51197,rule_1,1
71230,rule_2,0
57023,rule_3,1
32372,rule_3,1
42469,rule_3,1
15423,rule_4,0
57010,rule_3,1
12412,rule_1,1
68829,rule_3,1
41780,rule_3,1
34172,rule_2,0
66919,rule_3,1
43109,rule_2,0
23313,rule_1,1
54824,rule_3,1
46852,rule_2,0
41569,rule_4,0
23292,rule_1,1
97360,rule_1,1
6407,rule_1,1
9075,rule_2,0
28142,rule_3,1
94398,rule_1,1
50332,rule_2,0
70985,rule_2,0
61589,rule_3,1
29795,rule_3,1
44937,rule_3,1
59475,rule_3,1
37847,rule_1,1
25033,rule_1,1
95695,rule_3,1
92063,rule_1,1
46333,rule_3,1
49842,rule_1,1
55678,rule_2,0
97034,rule_3,1
42914,rule_2,0
79365,rule_3,1
39923,rule_3,1
71967,rule_3,1
72147,rule_1,1
92823,rule_1,1
98169,rule_3,1
86270,rule_3,1
77867,rule_3,1
18269,rule_2,0
78214,rule_3,1
35263,rule_1,1
55100,rule_3,1
52189,rule_3,1
28180,rule_2,0
33614,rule_3,1
74271,rule_2,0
77453,rule_1,1
94300,rule_2,0
11872,rule_3,1
7968,rule_3,1
89100,rule_1,1
40109,rule_3,1
46660,rule_3,1
31823,rule_2,0
16921,rule_1,1
17348,rule_4,0
48245,rule_2,0
71309,rule_2,0
50201,rule_3,1
23430,rule_3,1
51113,rule_1,1
35299,rule_3,1
11139,rule_2,0
14717,rule_3,1
73966,rule_3,1
37686,rule_2,0
31056,rule_3,1
91246,rule_3,1
31553,rule_2,0
5902,rule_3,1
73823,rule_3,1
29985,rule_3,1
64310,rule_2,0
63741,rule_4,0
74521,rule_1,1
5657,rule_2,0
94474,rule_3,1
48896,rule_2,0
55250,rule_1,1
72910,rule_3,1
52131,rule_1,1
98826,rule_1,1
56155,rule_3,1
6722,rule_1,1
24227,rule_2,0
78223,rule_3,1
73801,rule_3,1
40462,rule_1,1
95156,rule_2,0
31751,rule_3,1
94032,rule_2,0
52291,rule_2,0
73862,rule_3,1
73166,rule_2,0
63134,rule_3,1
45034,rule_4,0
60632,rule_3,1
76958,rule_4,0
34595,rule_2,0
87469,rule_3,1
25170,rule_1,1
12330,rule_1,1
97519,rule_1,1
61930,rule_3,1
90356,rule_3,1
64613,rule_2,0
70972,rule_1,1
4438,rule_1,1
10383,rule_2,0
65451,rule_3,1
90518,rule_3,1
83363,rule_3,1
90374,rule_3,1
64978,rule_3,1
36036,rule_2,0
18074,rule_1,1
42686,rule_1,1
38068,rule_2,0
55115,rule_3,1
84417,rule_2,0
47865,rule_2,0
30683,rule_3,1
35586,rule_3,1
84329,rule_3,1
88178,rule_3,1
5783,rule_2,0
16164,rule_3,1
19170,rule_3,1
9716,rule_1,1
65062,rule_4,0
10700,rule_3,1
76560,rule_2,0
4896,rule_3,1
91879,rule_1,1
56274,rule_1,1
85958,rule_2,0
13396,rule_1,1
82206,rule_3,1
18753,rule_3,1
41324,rule_2,0
62712,rule_3,1
91653,rule_1,1
29302,rule_3,1
48232,rule_3,1
55923,rule_2,0
72983,rule_1,1
81438,rule_1,1
10755,rule_3,1
39892,rule_3,1
98831,rule_2,0
46480,rule_1,1
29329,rule_2,0
68620,rule_4,0
88734,rule_2,0
208,rule_4,0
28983,rule_2,0
25593,rule_3,1
68911,rule_3,1
10527,rule_3,1
48605,rule_2,0
42829,rule_4,0
60964,rule_1,1
95674,rule_2,0
44844,rule_3,1
97997,rule_4,0
97544,rule_3,1
53364,rule_3,1
9687,rule_4,0
58577,rule_2,0
19202,rule_3,1
5250,rule_3,1
74070,rule_3,1
45114,rule_3,1
99021,rule_3,1
34504,rule_1,1
56550,rule_3,1
14485,rule_3,1
4256,rule_3,1
97725,rule_3,1
68012,rule_1,1
10757,rule_2,0
70588,rule_4,0
69250,rule_3,1
64316,rule_3,1
72241,rule_3,1
68009,rule_2,0
10107,rule_3,1
54625,rule_2,0
31368,rule_3,1
16457,rule_1,1
14211,rule_2,0
73380,rule_3,1
12324,rule_2,0
54254,rule_3,1
39533,rule_1,1
91303,rule_1,1
31008,rule_3,1
76330,rule_3,1
33894,rule_3,1
17626,rule_3,1
99684,rule_3,1
60947,rule_2,0
51502,rule_4,0
29372,rule_2,0
62439,rule_4,0
55755,rule_3,1
97674,rule_1,1
88701,rule_3,1
32118,rule_3,1
94019,rule_3,1
65109,rule_3,1
4359,rule_2,0
17728,rule_3,1
86937,rule_3,1
7422,rule_3,1
57785,rule_3,1
27214,rule_3,1
74697,rule_1,1
57994,rule_3,1
91659,rule_1,1
23712,rule_2,0
40391,rule_3,1
33756,rule_1,1
92579,rule_2,0
16015,rule_3,1
68389,rule_3,1
77232,rule_3,1
41622,rule_2,0
49105,rule_3,1
80533,rule_2,0
17015,rule_2,0
94881,rule_1,1
17634,rule_2,0
26161,rule_2,0
64175,rule_3,1
68577,rule_1,1
65482,rule_3,1
81572,rule_3,1
65682,rule_3,1
88921,rule_1,1
36042,rule_3,1
31911,rule_3,1
7228,rule_3,1
36452,rule_3,1
55827,rule_3,1
34085,rule_3,1
71832,rule_4,0
31402,rule_3,1
75389,rule_3,1
76154,rule_3,1
81930,rule_2,0
37385,rule_3,1
52250,rule_3,1
94089,rule_2,0
99302,rule_1,1
88790,rule_3,1
34069,rule_3,1
23670,rule_2,0
65430,rule_3,1
80759,rule_4,0
88205,rule_3,1
76667,rule_3,1
13674,rule_2,0
42669,rule_3,1
71032,rule_2,0
21676,rule_3,1
59190,rule_3,1
12150,rule_3,1
24612,rule_3,1
6442,rule_1,1
74173,rule_1,1
90026,rule_3,1
48369,rule_2,0
18744,rule_2,0
89023,rule_3,1
3655,rule_3,1
63647,rule_2,0
72589,rule_3,1
29735,rule_3,1
48714,rule_3,1
44140,rule_1,1
86366,rule_3,1
23172,rule_3,1
43597,rule_2,0
44977,rule_3,1
12290,rule_4,0
64158,rule_3,1
54692,rule_3,1
31011,rule_3,1
13468,rule_2,0
72431,rule_1,1
42653,rule_1,1
36379,rule_3,1
92654,rule_1,1
93748,rule_3,1
57717,rule_2,0
7152,rule_3,1
50116,rule_1,1
6013,rule_3,1
46414,rule_4,0
46882,rule_1,1
37651,rule_3,1
78613,rule_3,1
45380,rule_1,1
36915,rule_3,1
8907,rule_3,1
56089,rule_2,0
39311,rule_1,1
87164,rule_2,0
93301,rule_3,1
59183,rule_2,0
69968,rule_1,1
64107,rule_2,0
33175,rule_2,0
24597,rule_3,1
58349,rule_3,1
78715,rule_3,1
26988,rule_2,0
59890,rule_3,1
81710,rule_1,1
26967,rule_3,1
91056,rule_2,0
73771,rule_1,1
46820,rule_3,1
11564,rule_3,1
27599,rule_2,0
11557,rule_3,1
53552,rule_3,1
81890,rule_1,1
21637,rule_3,1
32780,rule_3,1
4761,rule_3,1
1178,rule_3,1
64733,rule_3,1
31349,rule_4,0
92060,rule_3,1
35632,rule_3,1
6472,rule_3,1
93978,rule_1,1
22613,rule_4,0
77577,rule_1,1
25538,rule_3,1
60234,rule_3,1
76744,rule_3,1
63450,rule_1,1
79974,rule_1,1
22444,rule_3,1
96547,rule_3,1
93681,rule_3,1
8928,rule_2,0
83361,rule_4,0
31325,rule_2,0
35644,rule_1,1
77715,rule_4,0
9109,rule_2,0
27724,rule_3,1
89153,rule_3,1
3727,rule_2,0
51925,rule_3,1
91737,rule_1,1
1368,rule_3,1
3713,rule_2,0
17773,rule_3,1
25427,rule_2,0
96653,rule_2,0
73298,rule_3,1
36322,rule_2,0
64966,rule_2,0
4115,rule_1,1
91750,rule_2,0
67204,rule_2,0
29166,rule_3,1
25924,rule_1,1
39883,rule_3,1
66025,rule_2,0
85151,rule_2,0
27209,rule_1,1
72461,rule_3,1
87129,rule_3,1
73385,rule_3,1
60577,rule_3,1
5705,rule_3,1
17088,rule_2,0
69570,rule_3,1
36060,rule_2,0
8126,rule_1,1
26985,rule_3,1
78917,rule_2,0
42288,rule_2,0
99563,rule_3,1
47056,rule_3,1
79135,rule_2,0
98010,rule_3,1
30660,rule_3,1
54062,rule_3,1
37209,rule_3,1
42824,rule_1,1
50139,rule_1,1
94796,rule_2,0
98554,rule_2,0
65839,rule_2,0
36488,rule_3,1
24090,rule_2,0
81041,rule_2,0
28626,rule_2,0
55410,rule_1,1
88010,rule_4,0
15578,rule_2,0
47415,rule_3,1
48321,rule_3,1
37381,rule_3,1
13670,rule_3,1
23197,rule_2,0
10226,rule_2,0
4471,rule_1,1
82812,rule_2,0
43754,rule_3,1
1970,rule_2,0
78132,rule_3,1
32557,rule_3,1
22912,rule_3,1
39063,rule_4,0
12116,rule_3,1
79142,rule_4,0
9111,rule_2,0
68786,rule_3,1
6571,rule_1,1
6639,rule_1,1
56504,rule_2,0
15399,rule_1,1
61213,rule_3,1
89394,rule_3,1
45273,rule_2,0
65662,rule_3,1
1240,rule_3,1
35058,rule_1,1
41236,rule_3,1
25612,rule_3,1
33998,rule_3,1
64179,rule_2,0
9201,rule_3,1
29857,rule_3,1
28405,rule_3,1
76261,rule_3,1
86214,rule_2,0
1059,rule_3,1
39031,rule_3,1
80897,rule_3,1
27421,rule_1,1
282,rule_3,1
91156,rule_2,0
91429,rule_3,1
47615,rule_3,1
66505,rule_3,1
81538,rule_2,0
20338,rule_3,1
34708,rule_3,1
99687,rule_4,0
83195,rule_3,1
620,rule_3,1
18310,rule_2,0
67279,rule_3,1
83311,rule_1,1
79672,rule_3,1
26156,rule_4,0
9848,rule_3,1
92465,rule_3,1
92325,rule_3,1
15564,rule_1,1
71653,rule_3,1
51887,rule_2,0
55205,rule_3,1
35947,rule_1,1
85113,rule_1,1
71636,rule_3,1
82496,rule_3,1
88577,rule_2,0
23500,rule_3,1
79531,rule_2,0
6277,rule_1,1
42241,rule_3,1
98737,rule_1,1
76620,rule_3,1
71261,rule_2,0
76368,rule_2,0
82190,rule_3,1
33398,rule_2,0
44739,rule_3,1
52234,rule_1,1
12589,rule_1,1
61368,rule_3,1
86476,rule_2,0
21928,rule_1,1
13761,rule_2,0
64675,rule_2,0
67650,rule_3,1
92153,rule_3,1
61273,rule_2,0
45894,rule_2,0
69351,rule_4,0
47065,rule_3,1
35047,rule_3,1
70136,rule_3,1
94589,rule_3,1
96060,rule_3,1
50678,rule_3,1
35134,rule_3,1
4649,rule_3,1
44966,rule_2,0
64325,rule_2,0
26917,rule_3,1
33143,rule_3,1
98065,rule_3,1
88398,rule_4,0
66062,rule_2,0
11562,rule_2,0
78302,rule_3,1
23280,rule_3,1
26724,rule_3,1
19976,rule_3,1
27491,rule_1,1
57057,rule_3,1
84879,rule_3,1
48365,rule_3,1
86653,rule_2,0
42230,rule_1,1
45242,rule_3,1
17779,rule_1,1
29427,rule_1,1
12202,rule_2,0
45351,rule_1,1
76708,rule_1,1
26018,rule_3,1
26959,rule_3,1
99839,rule_2,0
77540,rule_3,1
22016,rule_2,0
31586,rule_3,1
31861,rule_3,1
25850,rule_3,1
72100,rule_2,0
65129,rule_2,0
4704,rule_3,1
80819,rule_2,0
39064,rule_3,1
39444,rule_3,1
25964,rule_1,1
78340,rule_3,1
47909,rule_1,1
74132,rule_2,0
957,rule_2,0
59322,rule_3,1
72542,rule_3,1
30028,rule_3,1
55231,rule_1,1
16310,rule_3,1
45501,rule_3,1
94243,rule_3,1
8947,rule_2,0
79562,rule_2,0
60316,rule_3,1
91195,rule_3,1
2921,rule_3,1
37413,rule_3,1
662,rule_1,1
16083,rule_3,1
75718,rule_2,0
20050,rule_3,1
89900,rule_3,1
92448,rule_1,1
70327,rule_3,1
2357,rule_1,1
28381,rule_3,1
83848,rule_2,0
99593,rule_3,1
52580,rule_3,1
20023,rule_1,1
31891,rule_3,1
26746,rule_3,1
83187,rule_3,1
79149,rule_3,1
1561,rule_3,1
10327,rule_3,1
72716,rule_3,1
80886,rule_3,1
15314,rule_3,1
36878,rule_3,1
95082,rule_2,0
21289,rule_1,1
56447,rule_1,1
33663,rule_3,1
74138,rule_2,0
81942,rule_3,1
27962,rule_2,0
11654,rule_3,1
66436,rule_3,1
98738,rule_3,1
26631,rule_2,0
24827,rule_1,1
61551,rule_3,1
13630,rule_3,1
25684,rule_3,1
3390,rule_3,1
26290,rule_2,0
90828,rule_1,1
64882,rule_3,1
33321,rule_4,0
26016,rule_1,1
83977,rule_2,0
1926,rule_3,1
49787,rule_3,1
57661,rule_4,0
71627,rule_2,0
51048,rule_2,0
62769,rule_3,1
25004,rule_3,1
9079,rule_3,1
65642,rule_1,1
68578,rule_3,1
81906,rule_3,1
75898,rule_1,1
50862,rule_2,0
23399,rule_4,0
81062,rule_3,1
52327,rule_3,1
50070,rule_4,0
56986,rule_4,0
88653,rule_2,0
83870,rule_3,1
45005,rule_3,1
27425,rule_3,1
6369,rule_3,1
49154,rule_3,1
63484,rule_3,1
61682,rule_3,1
22432,rule_3,1
74664,rule_3,1
74442,rule_1,1
35489,rule_3,1
48788,rule_2,0
96348,rule_2,0
95318,rule_3,1
74320,rule_2,0
38560,rule_2,0
52270,rule_2,0
39500,rule_2,0
43409,rule_4,0
75305,rule_3,1
46168,rule_2,0
69299,rule_1,1
32982,rule_1,1
49931,rule_3,1
30088,rule_3,1
52649,rule_3,1
98515,rule_3,1
51196,rule_3,1
64289,rule_3,1
41689,rule_1,1
21805,rule_3,1
6155,rule_3,1
26144,rule_4,0
62047,rule_2,0
83310,rule_4,0
29010,rule_2,0
30016,rule_3,1
26590,rule_3,1
60113,rule_2,0
85709,rule_3,1
29760,rule_1,1
82504,rule_3,1
54616,rule_3,1
49269,rule_2,0
5110,rule_3,1
74745,rule_3,1
65456,rule_1,1
8713,rule_2,0
34532,rule_1,1
51028,rule_2,0
79084,rule_2,0
28542,rule_2,0
11537,rule_3,1
47838,rule_3,1
68761,rule_2,0
527,rule_2,0
15252,rule_2,0
52099,rule_3,1
53626,rule_1,1
44860,rule_4,0
5656,rule_1,1
38828,rule_3,1
82880,rule_3,1
61789,rule_3,1
39111,rule_1,1
30708,rule_4,0
85554,rule_3,1
82971,rule_3,1
74319,rule_3,1
8712,rule_3,1
68917,rule_3,1
36445,rule_3,1
5777,rule_3,1
39342,rule_2,0
21564,rule_3,1
85531,rule_1,1
18640,rule_1,1
23020,rule_3,1
38159,rule_4,0
26386,rule_3,1
82712,rule_3,1
84977,rule_1,1
26432,rule_3,1
48291,rule_2,0
1981,rule_3,1
76962,rule_1,1
19983,rule_3,1
12858,rule_2,0
7425,rule_3,1
5627,rule_1,1
32197,rule_2,0
63417,rule_2,0
48902,rule_3,1
53332,rule_3,1
28603,rule_1,1
81872,rule_3,1
39215,rule_2,0
53269,rule_3,1
33757,rule_3,1
97884,rule_2,0
93624,rule_3,1
44414,rule_3,1
52931,rule_3,1
22043,rule_1,1
77259,rule_3,1
3094,rule_3,1
52308,rule_3,1
78798,rule_3,1
60546,rule_2,0
50976,rule_3,1
23412,rule_3,1
17483,rule_1,1
75933,rule_3,1
41847,rule_3,1
68879,rule_1,1
81959,rule_1,1
97769,rule_2,0
6541,rule_2,0
89187,rule_3,1
14289,rule_1,1
13026,rule_3,1
26030,rule_3,1
11746,rule_3,1
44570,rule_3,1
96215,rule_4,0
29242,rule_3,1
27083,rule_2,0
93107,rule_1,1
31599,rule_3,1
7814,rule_3,1
99673,rule_3,1
57373,rule_3,1
87047,rule_3,1
27084,rule_1,1
21428,rule_2,0
87267,rule_3,1
90875,rule_1,1
77476,rule_3,1
21196,rule_3,1
24861,rule_3,1
37568,rule_3,1
23822,rule_3,1
67890,rule_3,1
76920,rule_4,0
20954,rule_3,1
9078,rule_3,1
73610,rule_1,1
63889,rule_2,0
80396,rule_2,0
50193,rule_3,1
7492,rule_4,0
45540,rule_3,1
99096,rule_2,0
72596,rule_3,1
13508,rule_3,1
82198,rule_3,1
5085,rule_1,1
26661,rule_3,1
91358,rule_1,1
1436,rule_4,0
61247,rule_2,0
13282,rule_3,1
42208,rule_3,1
87273,rule_4,0
29258,rule_3,1
47518,rule_2,0
76243,rule_3,1
70982,rule_3,1
1008,rule_3,1
63853,rule_3,1
31576,rule_3,1
37312,rule_1,1
12988,rule_3,1
72546,rule_4,0
31967,rule_2,0
34833,rule_3,1
66673,rule_3,1
75419,rule_3,1
60462,rule_1,1
95757,rule_3,1
87264,rule_2,0
75714,rule_4,0
33063,rule_3,1
91660,rule_3,1
92125,rule_3,1
57933,rule_1,1
48846,rule_1,1
18788,rule_3,1
92242,rule_2,0
42535,rule_3,1
36510,rule_3,1
77237,rule_2,0
22891,rule_1,1
2720,rule_4,0
78250,rule_3,1
47639,rule_3,1
54303,rule_1,1
49139,rule_1,1
68345,rule_1,1
74554,rule_3,1
49709,rule_3,1
48875,rule_3,1
63621,rule_3,1
22535,rule_3,1
53948,rule_2,0
2470,rule_3,1
69275,rule_3,1
86207,rule_1,1
26293,rule_3,1
97625,rule_3,1
51757,rule_3,1
33131,rule_2,0
83625,rule_2,0
65083,rule_3,1
96827,rule_1,1
67676,rule_2,0
19624,rule_3,1
7315,rule_2,0
86232,rule_1,1
92109,rule_3,1
71720,rule_3,1
30562,rule_3,1
11304,rule_3,1
1592,rule_2,0
19130,rule_2,0
84083,rule_2,0
2397,rule_3,1
9517,rule_2,0
98626,rule_3,1
86989,rule_1,1
85957,rule_3,1
41756,rule_1,1
3021,rule_3,1
9904,rule_3,1
94662,rule_3,1
41874,rule_3,1
70832,rule_3,1
3973,rule_3,1
21755,rule_1,1
80200,rule_3,1
69670,rule_2,0
33743,rule_3,1
25560,rule_3,1
81122,rule_3,1
50107,rule_3,1
58763,rule_3,1
98830,rule_1,1
42521,rule_3,1
46543,rule_3,1
29193,rule_3,1
94378,rule_3,1
25932,rule_1,1
88802,rule_3,1
17603,rule_3,1
65161,rule_3,1
97821,rule_3,1
43643,rule_3,1
23875,rule_3,1
83561,rule_3,1
17675,rule_3,1
83301,rule_3,1
34702,rule_4,0
59721,rule_3,1
60505,rule_3,1
75759,rule_2,0
33661,rule_3,1
7288,rule_3,1
54029,rule_2,0
61414,rule_3,1
7907,rule_1,1
28832,rule_1,1
24579,rule_3,1
26686,rule_3,1
25426,rule_3,1
84387,rule_4,0
7658,rule_3,1
42875,rule_2,0
26173,rule_2,0
30449,rule_1,1
18298,rule_3,1
62484,rule_3,1
76899,rule_3,1
46601,rule_3,1
66263,rule_2,0
72751,rule_2,0
73782,rule_3,1
50949,rule_2,0
81413,rule_3,1
14200,rule_3,1
55555,rule_2,0
27377,rule_2,0
82857,rule_3,1
61666,rule_3,1
40043,rule_2,0
77130,rule_3,1
34158,rule_1,1
64755,rule_3,1
41845,rule_4,0
38198,rule_3,1
81471,rule_3,1
56980,rule_1,1
54843,rule_1,1
62212,rule_3,1
80436,rule_3,1
24263,rule_1,1
48281,rule_3,1
80098,rule_3,1
34637,rule_3,1
29758,rule_3,1
56639,rule_1,1
807,rule_3,1
37574,rule_3,1
97660,rule_3,1
45029,rule_2,0
67365,rule_1,1
99952,rule_3,1
97420,rule_3,1
74692,rule_2,0
89432,rule_1,1
80689,rule_3,1
4495,rule_1,1
35401,rule_3,1
98622,rule_3,1
90817,rule_3,1
57776,rule_3,1
40601,rule_3,1
32914,rule_3,1
55620,rule_2,0
34802,rule_3,1
32414,rule_2,0
24952,rule_2,0
33934,rule_3,1
2051,rule_3,1
85681,rule_3,1
32734,rule_2,0
10817,rule_3,1
12677,rule_3,1
3431,rule_3,1
24575,rule_1,1
50073,rule_2,0
10617,rule_3,1
58607,rule_3,1
83692,rule_3,1
85432,rule_1,1
33040,rule_3,1
12985,rule_3,1
62188,rule_3,1
73973,rule_3,1
61917,rule_2,0
51185,rule_1,1
29630,rule_3,1
45085,rule_3,1
99722,rule_3,1
39975,rule_3,1
96123,rule_3,1
69347,rule_3,1
13920,rule_1,1
48544,rule_1,1
95506,rule_3,1
27789,rule_1,1
75533,rule_3,1
29431,rule_2,0
66082,rule_2,0
52394,rule_3,1
74039,rule_1,1
80766,rule_2,0
74860,rule_3,1
79274,rule_3,1
94224,rule_3,1
27346,rule_3,1
7565,rule_3,1
15318,rule_3,1
54621,rule_3,1
44548,rule_3,1
6641,rule_1,1
94072,rule_2,0
56847,rule_2,0
40999,rule_3,1
78188,rule_3,1
23511,rule_3,1
20663,rule_3,1
97242,rule_1,1
2984,rule_4,0
95403,rule_1,1
82051,rule_3,1
78946,rule_3,1
57133,rule_2,0
96444,rule_3,1
35436,rule_3,1
52376,rule_2,0
74911,rule_3,1
89614,rule_1,1
87313,rule_2,0
66151,rule_3,1
17851,rule_3,1
37266,rule_3,1
19427,rule_1,1
25511,rule_1,1
51572,rule_3,1
54238,rule_3,1
36063,rule_1,1
6738,rule_3,1
94935,rule_3,1
41787,rule_3,1
83442,rule_3,1
73544,rule_2,0
80560,rule_2,0
11123,rule_2,0
69769,rule_3,1
24071,rule_2,0
8821,rule_3,1
37199,rule_3,1
44814,rule_3,1
82311,rule_3,1
94458,rule_1,1
19542,rule_4,0
56277,rule_1,1
87834,rule_2,0
12183,rule_1,1
70343,rule_2,0
29712,rule_2,0
37642,rule_3,1
27936,rule_3,1
90601,rule_3,1
77455,rule_2,0
62553,rule_1,1
55762,rule_3,1
15897,rule_2,0
70856,rule_1,1
99813,rule_3,1
67958,rule_3,1
54757,rule_3,1
1751,rule_2,0
11345,rule_1,1
51861,rule_3,1
12255,rule_1,1
71432,rule_4,0
339,rule_3,1
90328,rule_3,1
44624,rule_1,1
1342,rule_3,1
20492,rule_1,1
57135,rule_2,0
94007,rule_2,0
36409,rule_3,1
49482,rule_3,1
21521,rule_3,1
35773,rule_3,1
6961,rule_2,0
69627,rule_3,1
91749,rule_3,1
51475,rule_1,1
23052,rule_2,0
88930,rule_1,1
20582,rule_3,1
85470,rule_3,1
75187,rule_3,1
86124,rule_1,1
34021,rule_3,1
28146,rule_3,1
45187,rule_3,1
24355,rule_2,0
13351,rule_2,0
55338,rule_1,1
83560,rule_3,1
74667,rule_1,1
61,rule_3,1
34009,rule_3,1
54913,rule_3,1
37905,rule_1,1
35112,rule_4,0
15049,rule_2,0
1525,rule_3,1
32922,rule_3,1
47305,rule_3,1
66018,rule_3,1
38891,rule_3,1
45421,rule_3,1
24059,rule_3,1
12113,rule_3,1
15851,rule_2,0
31988,rule_3,1
67299,rule_3,1
74479,rule_2,0
59130,rule_3,1
21793,rule_1,1
89400,rule_3,1
94614,rule_3,1
4854,rule_3,1
68248,rule_3,1
23151,rule_3,1
53303,rule_2,0
28770,rule_2,0
97000,rule_3,1
11047,rule_3,1
24763,rule_3,1
91249,rule_3,1
72356,rule_3,1
89600,rule_2,0
53003,rule_2,0
57493,rule_3,1
53277,rule_3,1
78618,rule_3,1
87411,rule_2,0
11556,rule_4,0
21173,rule_3,1
19251,rule_1,1
61121,rule_2,0
38710,rule_3,1
86146,rule_2,0
36398,rule_3,1
29374,rule_3,1
89564,rule_3,1
35738,rule_3,1
11665,rule_3,1
59053,rule_1,1
93066,rule_2,0
74183,rule_1,1
47925,rule_4,0
46829,rule_2,0
96524,rule_3,1
4264,rule_1,1
29403,rule_4,0
82566,rule_3,1
81183,rule_3,1
51227,rule_2,0
61397,rule_2,0
16726,rule_3,1
40810,rule_1,1
48757,rule_2,0
1623,rule_1,1
78412,rule_3,1
97433,rule_3,1
22181,rule_3,1
39953,rule_3,1
26658,rule_3,1
31654,rule_2,0
57385,rule_1,1
38244,rule_3,1
92202,rule_3,1
61269,rule_3,1
97426,rule_3,1
56134,rule_1,1
81995,rule_3,1
74533,rule_3,1
76909,rule_3,1
55962,rule_3,1
51694,rule_3,1
17686,rule_3,1
55030,rule_1,1
23753,rule_4,0
60775,rule_3,1
35368,rule_3,1
78345,rule_3,1
2574,rule_1,1
27857,rule_1,1
35955,rule_3,1
28530,rule_1,1
51921,rule_1,1
37600,rule_4,0
86144,rule_1,1
90094,rule_3,1
67643,rule_2,0
19064,rule_1,1
48286,rule_1,1
45649,rule_3,1
29976,rule_3,1
17772,rule_3,1
7084,rule_1,1
62517,rule_3,1
63198,rule_3,1
1280,rule_1,1
78758,rule_1,1
33573,rule_2,0
14597,rule_3,1
76919,rule_2,0
94915,rule_3,1
15359,rule_2,0
85515,rule_1,1
87956,rule_3,1
23237,rule_3,1
42881,rule_3,1
8706,rule_3,1
31420,rule_3,1
50461,rule_4,0
13860,rule_1,1
41875,rule_1,1
36221,rule_1,1
20080,rule_3,1
53395,rule_3,1
60501,rule_4,0
2199,rule_2,0
16033,rule_2,0
4426,rule_2,0
6151,rule_3,1
47058,rule_2,0
17328,rule_1,1
66359,rule_3,1
86926,rule_3,1
54772,rule_1,1
12176,rule_3,1
84459,rule_2,0
60536,rule_2,0
75040,rule_3,1
31822,rule_3,1
87128,rule_3,1
99408,rule_2,0
73507,rule_3,1
64930,rule_1,1
79112,rule_3,1
85596,rule_1,1
24161,rule_2,0
39987,rule_2,0
72259,rule_2,0
68837,rule_2,0
85231,rule_2,0
31481,rule_2,0
56374,rule_3,1
74056,rule_3,1
63231,rule_3,1
76219,rule_3,1
30679,rule_3,1
55107,rule_2,0
76535,rule_3,1
81245,rule_3,1
85383,rule_3,1
26400,rule_3,1
81975,rule_3,1
52604,rule_2,0
75630,rule_3,1
78624,rule_3,1
48771,rule_3,1
40807,rule_2,0
12343,rule_2,0
52488,rule_3,1
55169,rule_2,0
65156,rule_3,1
25523,rule_3,1
38566,rule_3,1
11486,rule_3,1
26738,rule_3,1
38001,rule_1,1
6646,rule_3,1
28866,rule_3,1
48303,rule_3,1
38259,rule_3,1
64078,rule_2,0
33537,rule_3,1
18450,rule_3,1
89107,rule_3,1
93608,rule_3,1
72848,rule_4,0
90398,rule_3,1
42461,rule_3,1
86445,rule_1,1
27953,rule_3,1
59677,rule_3,1
2718,rule_1,1
2080,rule_2,0
93502,rule_2,0
58067,rule_3,1
33720,rule_1,1
24443,rule_3,1
2483,rule_2,0
92375,rule_3,1
41950,rule_2,0
1760,rule_3,1
75521,rule_2,0
20807,rule_3,1
62824,rule_2,0
75453,rule_2,0
21567,rule_3,1
96732,rule_3,1
24918,rule_2,0
52854,rule_1,1
49841,rule_2,0
19817,rule_3,1
46164,rule_2,0
70481,rule_3,1
27697,rule_3,1
16242,rule_3,1
10396,rule_3,1
19098,rule_1,1
4758,rule_3,1
94271,rule_3,1
37149,rule_1,1
46241,rule_3,1
87896,rule_2,0
19957,rule_3,1
45766,rule_3,1
70836,rule_2,0
67527,rule_1,1
79027,rule_3,1
70508,rule_3,1
41915,rule_3,1
6784,rule_2,0
36369,rule_3,1
57762,rule_2,0
8667,rule_2,0
8071,rule_3,1
8578,rule_2,0
73510,rule_3,1
49689,rule_2,0
63732,rule_3,1
25151,rule_3,1
40739,rule_1,1
13225,rule_3,1
97946,rule_3,1
39225,rule_3,1
57546,rule_1,1
97417,rule_3,1
75061,rule_1,1
56265,rule_3,1
11695,rule_3,1
68245,rule_3,1
63375,rule_3,1
39283,rule_3,1
37431,rule_2,0
53174,rule_3,1
19257,rule_1,1
47524,rule_2,0
1646,rule_3,1
36245,rule_1,1
22117,rule_2,0
76590,rule_3,1
34561,rule_3,1
13719,rule_3,1
47883,rule_3,1
3798,rule_1,1
68905,rule_3,1
44328,rule_3,1
86067,rule_2,0
55177,rule_4,0
65311,rule_2,0
27633,rule_2,0
99123,rule_4,0
127,rule_3,1
53029,rule_3,1
60280,rule_3,1
64645,rule_3,1
80880,rule_2,0
37220,rule_1,1
39916,rule_2,0
85452,rule_3,1
27307,rule_3,1
91752,rule_3,1
56943,rule_3,1
15329,rule_2,0
17369,rule_3,1
73320,rule_3,1
75917,rule_3,1
75994,rule_2,0
2444,rule_3,1
90475,rule_3,1
76078,rule_3,1
815,rule_3,1
55319,rule_2,0
13000,rule_3,1
76326,rule_1,1
14154,rule_2,0
77835,rule_3,1
71316,rule_3,1
75684,rule_3,1
39667,rule_3,1
16479,rule_3,1
20610,rule_2,0
3757,rule_3,1
84292,rule_2,0
14383,rule_3,1
64773,rule_3,1
20104,rule_3,1
40632,rule_3,1
64436,rule_3,1
71896,rule_3,1
71908,rule_3,1
29487,rule_1,1
23711,rule_3,1
55181,rule_3,1
46198,rule_2,0
43873,rule_3,1
32266,rule_3,1
59202,rule_3,1
19030,rule_1,1
67780,rule_3,1
2337,rule_2,0
82871,rule_2,0
32155,rule_1,1
64485,rule_1,1
44029,rule_3,1
66657,rule_3,1
97721,rule_3,1
10790,rule_3,1
51357,rule_3,1
98724,rule_1,1
923,rule_3,1
9447,rule_3,1
25054,rule_1,1
59380,rule_2,0
5409,rule_3,1
71325,rule_3,1
80911,rule_1,1
56820,rule_1,1
87488,rule_3,1
96810,rule_4,0
24520,rule_3,1
83123,rule_3,1
96647,rule_3,1
92739,rule_3,1
54918,rule_2,0
41158,rule_3,1
67507,rule_3,1
11303,rule_3,1
4019,rule_1,1
92264,rule_3,1
36456,rule_3,1
18382,rule_3,1
45559,rule_1,1
11247,rule_3,1
34017,rule_4,0
67729,rule_3,1
19097,rule_4,0
9185,rule_3,1
18575,rule_3,1
87063,rule_3,1
71521,rule_1,1
72102,rule_1,1
73341,rule_1,1
11955,rule_3,1
39712,rule_2,0
93710,rule_3,1
29288,rule_3,1
75047,rule_2,0
59208,rule_2,0
43304,rule_1,1
84057,rule_1,1
82986,rule_3,1
14061,rule_3,1
16985,rule_2,0
20612,rule_2,0
78,rule_1,1
23931,rule_3,1
19283,rule_3,1
15525,rule_3,1
86741,rule_3,1
88862,rule_3,1
30524,rule_2,0
58597,rule_2,0
41833,rule_3,1
8008,rule_2,0
87389,rule_3,1
5952,rule_1,1
43926,rule_2,0
36160,rule_3,1
5416,rule_3,1
73699,rule_3,1
84556,rule_2,0
65442,rule_2,0
70793,rule_3,1
8568,rule_3,1
67445,rule_3,1
42930,rule_2,0
236,rule_2,0
12220,rule_1,1
96574,rule_3,1
83525,rule_3,1
42079,rule_3,1
93790,rule_2,0
36259,rule_3,1
26615,rule_2,0
97830,rule_3,1
79768,rule_3,1
93071,rule_1,1
19217,rule_3,1
63077,rule_1,1
1343,rule_3,1
8513,rule_4,0
34388,rule_3,1
5288,rule_3,1
39810,rule_3,1
2220,rule_2,0
9866,rule_1,1
87959,rule_3,1
82181,rule_2,0
99226,rule_1,1
59384,rule_3,1
20129,rule_3,1
47363,rule_3,1
32255,rule_3,1
20619,rule_3,1
1918,rule_3,1
1829,rule_3,1
42534,rule_3,1
78478,rule_3,1
67585,rule_3,1
36977,rule_3,1
45588,rule_3,1
49377,rule_1,1
58068,rule_2,0
91923,rule_3,1
64324,rule_3,1
42102,rule_3,1
30106,rule_1,1
6470,rule_3,1
97580,rule_1,1
88237,rule_1,1
46515,rule_4,0
79240,rule_3,1
10955,rule_3,1
847,rule_3,1
53442,rule_3,1
13235,rule_1,1
84472,rule_3,1
118,rule_3,1
87887,rule_3,1
28747,rule_1,1
79580,rule_2,0
41428,rule_2,0
16390,rule_2,0
38111,rule_3,1
9112,rule_3,1
76324,rule_4,0
4325,rule_2,0
24819,rule_3,1
13047,rule_3,1
27447,rule_2,0
85656,rule_3,1
13919,rule_1,1
76126,rule_3,1
56139,rule_4,0
77150,rule_3,1
27140,rule_3,1
72304,rule_1,1
71159,rule_3,1
1606,rule_3,1
92437,rule_3,1
27286,rule_3,1
58657,rule_4,0
28025,rule_3,1
3813,rule_3,1
17261,rule_3,1
76091,rule_3,1
75704,rule_3,1
34530,rule_4,0
48448,rule_3,1
54554,rule_1,1
84660,rule_3,1
62982,rule_1,1
60005,rule_3,1
81450,rule_3,1
72275,rule_1,1
23276,rule_3,1
81265,rule_2,0
77736,rule_2,0
73480,rule_3,1
12911,rule_3,1
79906,rule_3,1
26070,rule_2,0
6372,rule_1,1
26735,rule_4,0
82153,rule_3,1
73795,rule_3,1
7562,rule_3,1
6169,rule_1,1
3597,rule_2,0
4633,rule_3,1
47916,rule_2,0
56794,rule_1,1
6230,rule_2,0
95463,rule_4,0
50449,rule_1,1
99361,rule_3,1
90826,rule_3,1
10268,rule_1,1
38519,rule_1,1
73689,rule_3,1
46272,rule_3,1
35855,rule_2,0
34675,rule_3,1
88870,rule_3,1
67068,rule_2,0
38639,rule_3,1
55659,rule_3,1
84718,rule_3,1
82839,rule_3,1
18031,rule_2,0
5123,rule_3,1
5127,rule_2,0
15035,rule_3,1
4622,rule_2,0
16749,rule_4,0
44248,rule_1,1
67662,rule_3,1
73687,rule_1,1
28700,rule_3,1
8718,rule_2,0
56,rule_4,0
82559,rule_1,1
303,rule_3,1
87732,rule_3,1
50429,rule_2,0
79715,rule_3,1
59400,rule_3,1
79105,rule_2,0
64292,rule_3,1
95258,rule_3,1
4433,rule_1,1
52797,rule_3,1
19263,rule_3,1
55646,rule_2,0
10479,rule_1,1
43222,rule_3,1
5241,rule_2,0
22575,rule_3,1
10489,rule_2,0
23322,rule_4,0
23625,rule_4,0
81819,rule_3,1
91866,rule_1,1
51746,rule_3,1
93230,rule_3,1
18778,rule_1,1
16908,rule_2,0
39750,rule_3,1
79253,rule_3,1
23062,rule_1,1
36669,rule_3,1
87506,rule_3,1
87045,rule_2,0
57109,rule_2,0
23955,rule_1,1
11315,rule_1,1
28733,rule_3,1
75698,rule_3,1
69725,rule_3,1
33435,rule_1,1
83808,rule_2,0
41241,rule_3,1
58244,rule_1,1
24072,rule_3,1
22416,rule_3,1
11638,rule_1,1
6091,rule_3,1
71775,rule_2,0
80720,rule_1,1
24215,rule_2,0
17145,rule_2,0
6255,rule_3,1
45003,rule_1,1
12016,rule_1,1
36587,rule_2,0
69837,rule_3,1
5570,rule_1,1
14389,rule_1,1
73478,rule_1,1
92706,rule_3,1
55124,rule_3,1
19964,rule_3,1
87370,rule_1,1
85393,rule_3,1
55480,rule_2,0
39812,rule_3,1
43089,rule_3,1
52330,rule_3,1
70391,rule_3,1
70174,rule_3,1
42319,rule_3,1
97240,rule_3,1
56801,rule_3,1
53414,rule_3,1
94457,rule_1,1
83252,rule_1,1
75746,rule_3,1
61887,rule_3,1
23387,rule_2,0
25935,rule_1,1
6942,rule_3,1
73554,rule_3,1
55394,rule_4,0
6950,rule_2,0
78588,rule_1,1
65216,rule_3,1
81318,rule_3,1
59495,rule_3,1
53683,rule_1,1
92235,rule_2,0
37442,rule_1,1
77710,rule_3,1
39765,rule_2,0
1253,rule_3,1
44239,rule_3,1
15255,rule_3,1
19759,rule_2,0
19199,rule_4,0
53872,rule_1,1
88465,rule_1,1
42809,rule_1,1
37627,rule_2,0
24286,rule_3,1
73964,rule_3,1
42945,rule_4,0
37132,rule_1,1
32050,rule_3,1
94075,rule_2,0
49923,rule_1,1
43126,rule_3,1
61878,rule_3,1
58018,rule_3,1
14490,rule_3,1
7240,rule_3,1
36188,rule_1,1
92194,rule_3,1
99676,rule_3,1
37745,rule_3,1
70081,rule_2,0
21950,rule_1,1
57092,rule_3,1
17101,rule_3,1
53933,rule_4,0
45107,rule_3,1
34817,rule_3,1
38766,rule_3,1
56398,rule_3,1
13457,rule_3,1
53331,rule_1,1
32202,rule_1,1
4810,rule_2,0
10917,rule_3,1
69173,rule_3,1
23525,rule_1,1
23575,rule_3,1
50613,rule_2,0
80643,rule_1,1
9861,rule_2,0
98143,rule_3,1
60101,rule_3,1
18385,rule_3,1
12764,rule_3,1
29190,rule_3,1
47927,rule_1,1
40944,rule_3,1
405,rule_3,1
385,rule_3,1
8703,rule_3,1
75881,rule_1,1
18018,rule_3,1
20385,rule_1,1
46541,rule_2,0
86705,rule_3,1
72475,rule_2,0
6971,rule_3,1
20310,rule_3,1
62681,rule_3,1
4159,rule_3,1
23834,rule_2,0
62293,rule_3,1
8416,rule_3,1
27713,rule_3,1
61814,rule_1,1
1016,rule_2,0
37893,rule_1,1
95085,rule_3,1
56571,rule_3,1
23794,rule_1,1
58142,rule_3,1
84792,rule_3,1
65546,rule_2,0
75673,rule_1,1
50991,rule_1,1
70341,rule_3,1
49408,rule_3,1
56179,rule_3,1
5714,rule_3,1
45446,rule_3,1
34350,rule_3,1
27533,rule_3,1
82845,rule_3,1
97008,rule_3,1
35548,rule_2,0
57044,rule_3,1
55285,rule_1,1
78753,rule_3,1
38089,rule_3,1
47606,rule_3,1
20160,rule_3,1
4836,rule_3,1
27356,rule_3,1
33308,rule_3,1
31922,rule_3,1
84666,rule_3,1
61530,rule_1,1
46428,rule_3,1
9338,rule_3,1
29704,rule_1,1
66204,rule_3,1
23960,rule_3,1
90470,rule_2,0
21448,rule_2,0
11024,rule_2,0
10976,rule_4,0
78860,rule_3,1
7115,rule_3,1
24505,rule_2,0
41431,rule_1,1
19088,rule_3,1
68867,rule_2,0
52737,rule_2,0
52639,rule_2,0
38414,rule_2,0
52529,rule_3,1
17641,rule_2,0
71727,rule_3,1
13844,rule_3,1
30355,rule_3,1
91363,rule_3,1
21733,rule_1,1
76540,rule_4,0
61643,rule_1,1
93397,rule_3,1
93046,rule_2,0
20560,rule_3,1
34621,rule_1,1
22701,rule_2,0
36396,rule_3,1
67642,rule_1,1
82849,rule_3,1
33592,rule_1,1
23961,rule_3,1
28017,rule_2,0
66041,rule_3,1
61630,rule_3,1
80220,rule_2,0
39299,rule_3,1
52225,rule_3,1
42919,rule_3,1
42345,rule_2,0
25471,rule_2,0
13117,rule_4,0
57800,rule_1,1
55772,rule_1,1
30356,rule_3,1
3710,rule_4,0
99505,rule_3,1
86770,rule_2,0
4749,rule_3,1
86189,rule_2,0
44483,rule_2,0
15486,rule_3,1
94247,rule_3,1
93715,rule_1,1
55130,rule_1,1
25290,rule_3,1
26791,rule_2,0
72125,rule_1,1
34579,rule_3,1
19871,rule_3,1
89340,rule_3,1
35910,rule_3,1
91268,rule_2,0
1325,rule_3,1
37081,rule_1,1
40263,rule_2,0
57855,rule_3,1
91793,rule_1,1
83286,rule_2,0
26433,rule_3,1
42349,rule_3,1
13808,rule_3,1
28296,rule_2,0
26963,rule_3,1
54694,rule_3,1
88093,rule_2,0
83461,rule_3,1
19066,rule_1,1
88859,rule_2,0
93106,rule_2,0
62857,rule_1,1
39082,rule_3,1
50344,rule_2,0
46733,rule_1,1
21678,rule_4,0
1543,rule_1,1
44262,rule_3,1
77053,rule_3,1
72593,rule_1,1
82874,rule_3,1
23626,rule_2,0
48137,rule_3,1
72268,rule_1,1
6802,rule_2,0
89931,rule_2,0
74461,rule_1,1
38103,rule_3,1
23715,rule_3,1
9349,rule_3,1
88462,rule_1,1
11175,rule_2,0
21690,rule_2,0
21546,rule_3,1
89781,rule_2,0
84077,rule_2,0
1063,rule_2,0
27193,rule_2,0
66704,rule_3,1
60567,rule_1,1
87509,rule_3,1
11131,rule_3,1
97204,rule_3,1
89113,rule_2,0
86901,rule_3,1
8336,rule_3,1
5487,rule_4,0
60922,rule_2,0
54099,rule_2,0
32308,rule_1,1
64896,rule_3,1
51935,rule_3,1
82638,rule_2,0
59164,rule_3,1
35271,rule_3,1
69897,rule_3,1
36940,rule_2,0
24467,rule_2,0
72937,rule_3,1
63933,rule_2,0
16780,rule_3,1
79460,rule_2,0
47281,rule_3,1
39955,rule_2,0
66235,rule_2,0
50518,rule_1,1
729,rule_1,1
46960,rule_3,1
41556,rule_3,1
14398,rule_3,1
55070,rule_3,1
21353,rule_2,0
68451,rule_1,1
43287,rule_3,1
71181,rule_3,1
20151,rule_3,1
36209,rule_3,1
44812,rule_2,0
61477,rule_2,0
32480,rule_1,1
7358,rule_2,0
88727,rule_3,1
59032,rule_4,0
34912,rule_3,1
65511,rule_3,1
70641,rule_3,1
37842,rule_2,0
17956,rule_2,0
86000,rule_2,0
83043,rule_3,1
47296,rule_2,0
35736,rule_3,1
18889,rule_1,1
38757,rule_2,0
44426,rule_3,1
92921,rule_4,0
89085,rule_3,1
60693,rule_3,1
33497,rule_3,1
7544,rule_1,1
413,rule_2,0
11339,rule_2,0
26093,rule_2,0
38514,rule_2,0
89589,rule_3,1
82746,rule_3,1
3268,rule_2,0
20359,rule_3,1
57459,rule_2,0
65954,rule_2,0
76798,rule_3,1
75354,rule_3,1
15306,rule_3,1
88669,rule_2,0
25352,rule_2,0
94298,rule_2,0
93009,rule_2,0
27351,rule_3,1
92659,rule_3,1
97533,rule_2,0
12162,rule_3,1
3374,rule_3,1
38495,rule_3,1
86028,rule_1,1
20765,rule_1,1
89644,rule_3,1
82987,rule_2,0
69450,rule_3,1
38305,rule_3,1
97857,rule_3,1
93611,rule_1,1
70589,rule_2,0
4001,rule_3,1
91681,rule_3,1
35196,rule_3,1
11939,rule_3,1
72370,rule_2,0
59276,rule_1,1
18072,rule_3,1
66388,rule_3,1
60891,rule_2,0
88224,rule_1,1
91008,rule_3,1
49116,rule_4,0
94705,rule_3,1
30978,rule_3,1
57680,rule_3,1
51992,rule_1,1
27664,rule_2,0
4612,rule_3,1
16365,rule_3,1
9541,rule_3,1
41976,rule_1,1
60161,rule_2,0
9824,rule_3,1
23290,rule_4,0
65418,rule_3,1
40159,rule_4,0
68386,rule_1,1
97380,rule_3,1
98117,rule_2,0
79606,rule_3,1
23050,rule_2,0
26647,rule_3,1
59102,rule_3,1
56574,rule_3,1
62753,rule_3,1
91748,rule_3,1
94759,rule_3,1
35248,rule_3,1
43920,rule_1,1
95436,rule_3,1
29125,rule_3,1
60404,rule_1,1
78782,rule_3,1
95982,rule_3,1
51294,rule_3,1
78833,rule_2,0
44079,rule_1,1
54341,rule_1,1
9436,rule_3,1
61390,rule_1,1
93469,rule_1,1
84665,rule_1,1
72790,rule_3,1
13285,rule_3,1
69043,rule_1,1
67216,rule_3,1
85068,rule_3,1
73667,rule_2,0
59639,rule_1,1
16965,rule_2,0
9663,rule_3,1
29376,rule_3,1
53223,rule_2,0
13501,rule_2,0
3344,rule_1,1
56557,rule_3,1
45544,rule_2,0
20057,rule_2,0
5238,rule_2,0
7806,rule_4,0
46176,rule_3,1
16897,rule_3,1
94842,rule_3,1
66618,rule_1,1
74741,rule_4,0
89481,rule_1,1
1151,rule_3,1
51991,rule_1,1
5950,rule_2,0
8309,rule_3,1
32218,rule_3,1
90853,rule_2,0
25946,rule_1,1
28252,rule_3,1
79635,rule_1,1
82751,rule_3,1
73848,rule_2,0
86673,rule_1,1
91795,rule_3,1
83614,rule_2,0
17020,rule_3,1
94477,rule_3,1
73524,rule_3,1
72616,rule_3,1
39735,rule_3,1
80739,rule_3,1
69679,rule_3,1
32094,rule_3,1
56180,rule_3,1
58336,rule_1,1
66413,rule_3,1
54022,rule_3,1
87236,rule_2,0
87143,rule_2,0
48748,rule_3,1
3052,rule_3,1
19509,rule_3,1
80136,rule_3,1
92773,rule_2,0
68028,rule_1,1
15339,rule_3,1
95286,rule_3,1
53007,rule_3,1
70314,rule_2,0
31025,rule_1,1
56662,rule_3,1
96826,rule_3,1
55610,rule_1,1
22678,rule_3,1
50301,rule_1,1
49727,rule_2,0
52922,rule_3,1
93849,rule_2,0
99158,rule_2,0
10967,rule_1,1
78658,rule_3,1
32098,rule_3,1
13404,rule_3,1
55767,rule_1,1
87923,rule_2,0
91084,rule_3,1
76430,rule_3,1
70032,rule_1,1
6656,rule_1,1
77576,rule_2,0
2369,rule_3,1
70317,rule_3,1
89913,rule_3,1
87546,rule_3,1
88892,rule_3,1
8717,rule_1,1
10648,rule_3,1
29593,rule_1,1
50994,rule_2,0
49690,rule_1,1
19191,rule_2,0
5802,rule_1,1
54749,rule_3,1
78070,rule_3,1
27752,rule_4,0
66321,rule_3,1
45018,rule_1,1
10730,rule_3,1
82075,rule_2,0
56959,rule_3,1
35778,rule_2,0
18071,rule_3,1
11094,rule_2,0
4015,rule_1,1
72992,rule_3,1
36632,rule_2,0
51886,rule_1,1
66106,rule_4,0
23094,rule_2,0
32746,rule_4,0
34585,rule_4,0
26642,rule_3,1
85315,rule_3,1
50337,rule_2,0
6103,rule_3,1
10493,rule_3,1
65727,rule_2,0
54241,rule_3,1
66236,rule_3,1
45237,rule_1,1
302,rule_3,1
96753,rule_1,1
3421,rule_3,1
18712,rule_3,1
33829,rule_3,1
63209,rule_4,0
32636,rule_3,1
47203,rule_3,1
43526,rule_3,1
36213,rule_3,1
82990,rule_3,1
43485,rule_3,1
18590,rule_2,0
56492,rule_3,1
73745,rule_1,1
56836,rule_3,1
45715,rule_2,0
74544,rule_3,1
40765,rule_1,1
93180,rule_3,1
94661,rule_3,1
5601,rule_2,0
39791,rule_3,1
97889,rule_3,1
54046,rule_1,1
48405,rule_1,1
49378,rule_3,1
30747,rule_3,1
19739,rule_2,0
5896,rule_1,1
76214,rule_3,1
74291,rule_3,1
3437,rule_3,1
47334,rule_3,1
79910,rule_2,0
6894,rule_3,1
17430,rule_2,0
19831,rule_4,0
45526,rule_2,0
40819,rule_3,1
70092,rule_3,1
44065,rule_3,1
70272,rule_3,1
86417,rule_2,0
99523,rule_3,1
46215,rule_3,1
22400,rule_3,1
58872,rule_2,0
3988,rule_3,1
86832,rule_3,1
91413,rule_3,1
23329,rule_2,0
38468,rule_3,1
90273,rule_3,1
94180,rule_3,1
50109,rule_2,0
61136,rule_1,1
2870,rule_2,0
77506,rule_3,1
21358,rule_3,1
46976,rule_1,1
68498,rule_3,1
2201,rule_1,1
82019,rule_3,1
38361,rule_3,1
2558,rule_2,0
48355,rule_2,0
61268,rule_3,1
53352,rule_2,0
5540,rule_3,1
32712,rule_2,0
12875,rule_1,1
29300,rule_3,1
12184,rule_3,1
59041,rule_3,1
6296,rule_3,1
4500,rule_2,0
66691,rule_1,1
51408,rule_3,1
15152,rule_1,1
42643,rule_2,0
7401,rule_3,1
43017,rule_2,0
72695,rule_3,1
61435,rule_1,1
29856,rule_3,1
20933,rule_2,0
31617,rule_4,0
2050,rule_2,0
77372,rule_3,1
16372,rule_3,1
90736,rule_3,1
96602,rule_3,1
46844,rule_3,1
16647,rule_2,0
30307,rule_4,0
60714,rule_3,1
85982,rule_3,1
21919,rule_3,1
47255,rule_1,1
39385,rule_1,1
73657,rule_3,1
8156,rule_3,1
1803,rule_3,1
37505,rule_1,1
11112,rule_3,1
88615,rule_2,0
71296,rule_3,1
83880,rule_3,1
84897,rule_3,1
8681,rule_1,1
83764,rule_3,1
67271,rule_3,1
2912,rule_3,1
11412,rule_2,0
95743,rule_3,1
34755,rule_3,1
72083,rule_2,0
56251,rule_3,1
2812,rule_2,0
49812,rule_1,1
91907,rule_3,1
15709,rule_3,1
51664,rule_3,1
86203,rule_2,0
42108,rule_4,0
93385,rule_3,1
25185,rule_2,0
22672,rule_3,1
80624,rule_3,1
34699,rule_3,1
89046,rule_3,1
65734,rule_1,1
52084,rule_2,0
67864,rule_1,1
37158,rule_3,1
25343,rule_3,1
12689,rule_2,0
98507,rule_2,0
52663,rule_3,1
70468,rule_4,0
63735,rule_4,0
87456,rule_1,1
26310,rule_1,1
50860,rule_1,1
87093,rule_1,1
46718,rule_3,1
55681,rule_3,1
7393,rule_3,1
38624,rule_3,1
90085,rule_1,1
855,rule_3,1
94210,rule_3,1
26737,rule_3,1
93265,rule_2,0
85617,rule_2,0
67173,rule_4,0
23665,rule_1,1
89475,rule_2,0
65319,rule_1,1
52734,rule_2,0
83212,rule_2,0
62004,rule_3,1
39354,rule_3,1
46577,rule_2,0
51006,rule_3,1
54385,rule_1,1
68841,rule_2,0
95840,rule_3,1
61088,rule_3,1
93558,rule_2,0
73531,rule_3,1
34767,rule_3,1
66200,rule_2,0
13546,rule_3,1
98099,rule_3,1
97505,rule_3,1
3749,rule_2,0
94857,rule_3,1
5531,rule_2,0
21960,rule_3,1
58054,rule_3,1
9475,rule_3,1
55017,rule_3,1
92788,rule_3,1
6777,rule_3,1
61374,rule_1,1
66843,rule_3,1
30081,rule_2,0
23777,rule_4,0
44263,rule_3,1
21977,rule_3,1
15708,rule_2,0
75767,rule_3,1
26106,rule_1,1
18048,rule_1,1
21835,rule_3,1
42942,rule_1,1
48926,rule_3,1
25940,rule_3,1
69164,rule_3,1
95260,rule_1,1
95004,rule_3,1
2694,rule_3,1
49081,rule_4,0
42558,rule_3,1
64045,rule_1,1
43586,rule_3,1
22300,rule_3,1
93427,rule_2,0
75451,rule_1,1
81735,rule_3,1
62624,rule_2,0
55821,rule_1,1
33828,rule_3,1
67215,rule_3,1
56045,rule_2,0
71911,rule_3,1
80357,rule_3,1
18142,rule_3,1
87940,rule_3,1
54269,rule_3,1
50016,rule_2,0
50637,rule_3,1
23420,rule_3,1
87898,rule_3,1
87055,rule_3,1
207,rule_3,1
90983,rule_3,1
6911,rule_3,1
98807,rule_3,1
82949,rule_2,0
52993,rule_3,1
27267,rule_2,0
79310,rule_2,0
8111,rule_2,0
98019,rule_3,1
70593,rule_2,0
24539,rule_3,1
10966,rule_3,1
63336,rule_3,1
84652,rule_2,0
96355,rule_3,1
79576,rule_3,1
77374,rule_1,1
35223,rule_3,1
89136,rule_1,1
52257,rule_3,1
78604,rule_1,1
30536,rule_2,0
8393,rule_2,0
22663,rule_2,0
52252,rule_1,1
64506,rule_4,0
26855,rule_1,1
3562,rule_1,1
38661,rule_2,0
12667,rule_2,0
61859,rule_3,1
13987,rule_3,1
33160,rule_2,0
39505,rule_3,1
87539,rule_3,1
5259,rule_3,1
48191,rule_3,1
2696,rule_3,1
67564,rule_4,0
62593,rule_3,1
2569,rule_3,1
40775,rule_2,0
48985,rule_1,1
61229,rule_3,1
51215,rule_1,1
38045,rule_3,1
8572,rule_1,1
39100,rule_3,1
86780,rule_3,1
63705,rule_3,1
12186,rule_1,1
86808,rule_2,0
9269,rule_3,1
82799,rule_3,1
74066,rule_1,1
24301,rule_3,1
23248,rule_3,1
89813,rule_1,1
55592,rule_3,1
89790,rule_2,0
1017,rule_3,1
91388,rule_1,1
40398,rule_3,1
94664,rule_3,1
11535,rule_2,0
32607,rule_2,0
99300,rule_1,1
92094,rule_3,1
37066,rule_1,1
65698,rule_1,1
71212,rule_1,1
72410,rule_3,1
45759,rule_3,1
9693,rule_2,0
40758,rule_3,1
52996,rule_2,0
78954,rule_1,1
77190,rule_3,1
66558,rule_3,1
19458,rule_2,0
89476,rule_3,1
69480,rule_3,1
67122,rule_3,1
92068,rule_3,1
35921,rule_3,1
80078,rule_3,1
17160,rule_3,1
48556,rule_3,1
23484,rule_3,1
68149,rule_2,0
23898,rule_3,1
76553,rule_3,1
43002,rule_3,1
73970,rule_1,1
8793,rule_2,0
10628,rule_3,1
87314,rule_1,1
80039,rule_3,1
96277,rule_2,0
41607,rule_3,1
3891,rule_1,1
69093,rule_3,1
11395,rule_3,1
31552,rule_3,1
66804,rule_3,1
56887,rule_3,1
67436,rule_3,1
35774,rule_3,1
84655,rule_3,1
65726,rule_3,1
59151,rule_3,1
2748,rule_1,1
18432,rule_1,1
84479,rule_3,1
25659,rule_3,1
93017,rule_2,0
71933,rule_2,0
28694,rule_3,1
85306,rule_2,0
53708,rule_3,1
83105,rule_4,0
5312,rule_2,0
67970,rule_3,1
64926,rule_3,1
62956,rule_2,0
59736,rule_3,1
770,rule_1,1
64821,rule_3,1
67222,rule_3,1
41091,rule_1,1
16024,rule_1,1
60264,rule_3,1
44132,rule_2,0
87499,rule_3,1
37195,rule_4,0
82387,rule_3,1
6266,rule_3,1
54887,rule_3,1
76821,rule_3,1
861,rule_3,1
15796,rule_3,1
